dia,boletins
2016-01-01 00:00:00,114
2016-01-02 00:00:00,123
2016-01-03 00:00:00,173
2016-01-04 00:00:00,220
2016-01-05 00:00:00,218
2016-01-06 00:00:00,221
2016-01-07 00:00:00,218
2016-01-08 00:00:00,211
2016-01-09 00:00:00,162
2016-01-10 00:00:00,134
2016-01-11 00:00:00,246
2016-01-12 00:00:00,207
2016-01-13 00:00:00,201
2016-01-14 00:00:00,217
2016-01-15 00:00:00,244
2016-01-16 00:00:00,163
2016-01-17 00:00:00,136
2016-01-18 00:00:00,215
2016-01-19 00:00:00,211
2016-01-20 00:00:00,198
2016-01-21 00:00:00,193
2016-01-22 00:00:00,228
2016-01-23 00:00:00,185
2016-01-24 00:00:00,163
2016-01-25 00:00:00,230
2016-01-26 00:00:00,215
2016-01-27 00:00:00,246
2016-01-28 00:00:00,243
2016-01-29 00:00:00,233
2016-01-30 00:00:00,165
2016-01-31 00:00:00,134
2016-02-01 00:00:00,269
2016-02-02 00:00:00,248
2016-02-03 00:00:00,295
2016-02-04 00:00:00,283
2016-02-05 00:00:00,251
2016-02-06 00:00:00,181
2016-02-07 00:00:00,138
2016-02-08 00:00:00,165
2016-02-09 00:00:00,173
2016-02-10 00:00:00,196
2016-02-11 00:00:00,239
2016-02-12 00:00:00,273
2016-02-13 00:00:00,183
2016-02-14 00:00:00,143
2016-02-15 00:00:00,273
2016-02-16 00:00:00,234
2016-02-17 00:00:00,226
2016-02-18 00:00:00,226
2016-02-19 00:00:00,233
2016-02-20 00:00:00,191
2016-02-21 00:00:00,152
2016-02-22 00:00:00,225
2016-02-23 00:00:00,270
2016-02-24 00:00:00,256
2016-02-25 00:00:00,256
2016-02-26 00:00:00,287
2016-02-27 00:00:00,196
2016-02-28 00:00:00,141
2016-02-29 00:00:00,253
2016-03-01 00:00:00,274
2016-03-02 00:00:00,259
2016-03-03 00:00:00,248
2016-03-04 00:00:00,292
2016-03-05 00:00:00,195
2016-03-06 00:00:00,131
2016-03-07 00:00:00,259
2016-03-08 00:00:00,248
2016-03-09 00:00:00,274
2016-03-10 00:00:00,253
2016-03-11 00:00:00,258
2016-03-12 00:00:00,183
2016-03-13 00:00:00,133
2016-03-14 00:00:00,237
2016-03-15 00:00:00,250
2016-03-16 00:00:00,261
2016-03-17 00:00:00,255
2016-03-18 00:00:00,265
2016-03-19 00:00:00,188
2016-03-20 00:00:00,165
2016-03-21 00:00:00,277
2016-03-22 00:00:00,251
2016-03-23 00:00:00,284
2016-03-24 00:00:00,273
2016-03-25 00:00:00,175
2016-03-26 00:00:00,197
2016-03-27 00:00:00,117
2016-03-28 00:00:00,252
2016-03-29 00:00:00,268
2016-03-30 00:00:00,228
2016-03-31 00:00:00,256
2016-04-01 00:00:00,239
2016-04-02 00:00:00,182
2016-04-03 00:00:00,165
2016-04-04 00:00:00,254
2016-04-05 00:00:00,268
2016-04-06 00:00:00,261
2016-04-07 00:00:00,223
2016-04-08 00:00:00,279
2016-04-09 00:00:00,180
2016-04-10 00:00:00,145
2016-04-11 00:00:00,282
2016-04-12 00:00:00,255
2016-04-13 00:00:00,257
2016-04-14 00:00:00,255
2016-04-15 00:00:00,247
2016-04-16 00:00:00,198
2016-04-17 00:00:00,131
2016-04-18 00:00:00,265
2016-04-19 00:00:00,261
2016-04-20 00:00:00,300
2016-04-21 00:00:00,152
2016-04-22 00:00:00,232
2016-04-23 00:00:00,209
2016-04-24 00:00:00,158
2016-04-25 00:00:00,279
2016-04-26 00:00:00,212
2016-04-27 00:00:00,241
2016-04-28 00:00:00,227
2016-04-29 00:00:00,269
2016-04-30 00:00:00,175
2016-05-01 00:00:00,142
2016-05-02 00:00:00,243
2016-05-03 00:00:00,253
2016-05-04 00:00:00,274
2016-05-05 00:00:00,235
2016-05-06 00:00:00,249
2016-05-07 00:00:00,198
2016-05-08 00:00:00,121
2016-05-09 00:00:00,242
2016-05-10 00:00:00,241
2016-05-11 00:00:00,265
2016-05-12 00:00:00,249
2016-05-13 00:00:00,241
2016-05-14 00:00:00,156
2016-05-15 00:00:00,175
2016-05-16 00:00:00,256
2016-05-17 00:00:00,266
2016-05-18 00:00:00,267
2016-05-19 00:00:00,237
2016-05-20 00:00:00,265
2016-05-21 00:00:00,175
2016-05-22 00:00:00,117
2016-05-23 00:00:00,216
2016-05-24 00:00:00,248
2016-05-25 00:00:00,253
2016-05-26 00:00:00,149
2016-05-27 00:00:00,210
2016-05-28 00:00:00,185
2016-05-29 00:00:00,154
2016-05-30 00:00:00,245
2016-05-31 00:00:00,279
2016-06-01 00:00:00,306
2016-06-02 00:00:00,237
2016-06-03 00:00:00,257
2016-06-04 00:00:00,198
2016-06-05 00:00:00,136
2016-06-06 00:00:00,282
2016-06-07 00:00:00,257
2016-06-08 00:00:00,272
2016-06-09 00:00:00,254
2016-06-10 00:00:00,249
2016-06-11 00:00:00,188
2016-06-12 00:00:00,113
2016-06-13 00:00:00,252
2016-06-14 00:00:00,273
2016-06-15 00:00:00,318
2016-06-16 00:00:00,275
2016-06-17 00:00:00,234
2016-06-18 00:00:00,194
2016-06-19 00:00:00,142
2016-06-20 00:00:00,292
2016-06-21 00:00:00,222
2016-06-22 00:00:00,260
2016-06-23 00:00:00,264
2016-06-24 00:00:00,290
2016-06-25 00:00:00,204
2016-06-26 00:00:00,136
2016-06-27 00:00:00,256
2016-06-28 00:00:00,266
2016-06-29 00:00:00,286
2016-06-30 00:00:00,249
2016-07-01 00:00:00,290
2016-07-02 00:00:00,195
2016-07-03 00:00:00,144
2016-07-04 00:00:00,287
2016-07-05 00:00:00,263
2016-07-06 00:00:00,270
2016-07-07 00:00:00,266
2016-07-08 00:00:00,255
2016-07-09 00:00:00,168
2016-07-10 00:00:00,132
2016-07-11 00:00:00,238
2016-07-12 00:00:00,272
2016-07-13 00:00:00,284
2016-07-14 00:00:00,249
2016-07-15 00:00:00,288
2016-07-16 00:00:00,150
2016-07-17 00:00:00,153
2016-07-18 00:00:00,271
2016-07-19 00:00:00,257
2016-07-20 00:00:00,323
2016-07-21 00:00:00,290
2016-07-22 00:00:00,258
2016-07-23 00:00:00,175
2016-07-24 00:00:00,129
2016-07-25 00:00:00,257
2016-07-26 00:00:00,275
2016-07-27 00:00:00,253
2016-07-28 00:00:00,278
2016-07-29 00:00:00,276
2016-07-30 00:00:00,177
2016-07-31 00:00:00,138
2016-08-01 00:00:00,275
2016-08-02 00:00:00,271
2016-08-03 00:00:00,305
2016-08-04 00:00:00,276
2016-08-05 00:00:00,273
2016-08-06 00:00:00,167
2016-08-07 00:00:00,145
2016-08-08 00:00:00,277
2016-08-09 00:00:00,263
2016-08-10 00:00:00,260
2016-08-11 00:00:00,239
2016-08-12 00:00:00,305
2016-08-13 00:00:00,193
2016-08-14 00:00:00,124
2016-08-15 00:00:00,266
2016-08-16 00:00:00,250
2016-08-17 00:00:00,259
2016-08-18 00:00:00,267
2016-08-19 00:00:00,261
2016-08-20 00:00:00,179
2016-08-21 00:00:00,137
2016-08-22 00:00:00,269
2016-08-23 00:00:00,249
2016-08-24 00:00:00,284
2016-08-25 00:00:00,280
2016-08-26 00:00:00,308
2016-08-27 00:00:00,176
2016-08-28 00:00:00,128
2016-08-29 00:00:00,270
2016-08-30 00:00:00,269
2016-08-31 00:00:00,296
2016-09-01 00:00:00,324
2016-09-02 00:00:00,301
2016-09-03 00:00:00,194
2016-09-04 00:00:00,132
2016-09-05 00:00:00,288
2016-09-06 00:00:00,268
2016-09-07 00:00:00,172
2016-09-08 00:00:00,169
2016-09-09 00:00:00,252
2016-09-10 00:00:00,199
2016-09-11 00:00:00,158
2016-09-12 00:00:00,286
2016-09-13 00:00:00,280
2016-09-14 00:00:00,301
2016-09-15 00:00:00,303
2016-09-16 00:00:00,248
2016-09-17 00:00:00,189
2016-09-18 00:00:00,139
2016-09-19 00:00:00,248
2016-09-20 00:00:00,276
2016-09-21 00:00:00,244
2016-09-22 00:00:00,276
2016-09-23 00:00:00,284
2016-09-24 00:00:00,215
2016-09-25 00:00:00,131
2016-09-26 00:00:00,263
2016-09-27 00:00:00,278
2016-09-28 00:00:00,286
2016-09-29 00:00:00,290
2016-09-30 00:00:00,283
2016-10-01 00:00:00,209
2016-10-02 00:00:00,136
2016-10-03 00:00:00,277
2016-10-04 00:00:00,310
2016-10-05 00:00:00,252
2016-10-06 00:00:00,278
2016-10-07 00:00:00,277
2016-10-08 00:00:00,164
2016-10-09 00:00:00,124
2016-10-10 00:00:00,297
2016-10-11 00:00:00,282
2016-10-12 00:00:00,146
2016-10-13 00:00:00,246
2016-10-14 00:00:00,251
2016-10-15 00:00:00,169
2016-10-16 00:00:00,89
2016-10-17 00:00:00,177
2016-10-18 00:00:00,231
2016-10-19 00:00:00,180
2016-10-20 00:00:00,208
2016-10-21 00:00:00,223
2016-10-22 00:00:00,164
2016-10-23 00:00:00,122
2016-10-24 00:00:00,187
2016-10-25 00:00:00,228
2016-10-26 00:00:00,205
2016-10-27 00:00:00,231
2016-10-28 00:00:00,234
2016-10-29 00:00:00,166
2016-10-30 00:00:00,126
2016-10-31 00:00:00,245
2016-11-01 00:00:00,291
2016-11-02 00:00:00,169
2016-11-03 00:00:00,274
2016-11-04 00:00:00,218
2016-11-05 00:00:00,390
2016-11-06 00:00:00,156
2016-11-07 00:00:00,310
2016-11-08 00:00:00,275
2016-11-09 00:00:00,259
2016-11-10 00:00:00,254
2016-11-11 00:00:00,252
2016-11-12 00:00:00,180
2016-11-13 00:00:00,133
2016-11-14 00:00:00,223
2016-11-15 00:00:00,168
2016-11-16 00:00:00,282
2016-11-17 00:00:00,254
2016-11-18 00:00:00,255
2016-11-19 00:00:00,183
2016-11-20 00:00:00,182
2016-11-21 00:00:00,275
2016-11-22 00:00:00,284
2016-11-23 00:00:00,288
2016-11-24 00:00:00,246
2016-11-25 00:00:00,268
2016-11-26 00:00:00,193
2016-11-27 00:00:00,139
2016-11-28 00:00:00,239
2016-11-29 00:00:00,311
2016-11-30 00:00:00,260
2016-12-01 00:00:00,237
2016-12-02 00:00:00,259
2016-12-03 00:00:00,168
2016-12-04 00:00:00,155
2016-12-05 00:00:00,257
2016-12-06 00:00:00,238
2016-12-07 00:00:00,248
2016-12-08 00:00:00,225
2016-12-09 00:00:00,233
2016-12-10 00:00:00,163
2016-12-11 00:00:00,136
2016-12-12 00:00:00,245
2016-12-13 00:00:00,268
2016-12-14 00:00:00,251
2016-12-15 00:00:00,239
2016-12-16 00:00:00,221
2016-12-17 00:00:00,163
2016-12-18 00:00:00,164
2016-12-19 00:00:00,249
2016-12-20 00:00:00,263
2016-12-21 00:00:00,237
2016-12-22 00:00:00,226
2016-12-23 00:00:00,229
2016-12-24 00:00:00,137
2016-12-25 00:00:00,86
2016-12-26 00:00:00,175
2016-12-27 00:00:00,218
2016-12-28 00:00:00,185
2016-12-29 00:00:00,210
2016-12-30 00:00:00,181
2016-12-31 00:00:00,129
2017-01-01 00:00:00,121
2017-01-02 00:00:00,184
2017-01-03 00:00:00,178
2017-01-04 00:00:00,198
2017-01-05 00:00:00,211
2017-01-06 00:00:00,219
2017-01-07 00:00:00,153
2017-01-08 00:00:00,114
2017-01-09 00:00:00,232
2017-01-10 00:00:00,256
2017-01-11 00:00:00,237
2017-01-12 00:00:00,206
2017-01-13 00:00:00,256
2017-01-14 00:00:00,145
2017-01-15 00:00:00,136
2017-01-16 00:00:00,243
2017-01-17 00:00:00,242
2017-01-18 00:00:00,237
2017-01-19 00:00:00,236
2017-01-20 00:00:00,272
2017-01-21 00:00:00,162
2017-01-22 00:00:00,126
2017-01-23 00:00:00,243
2017-01-24 00:00:00,221
2017-01-25 00:00:00,263
2017-01-26 00:00:00,235
2017-01-27 00:00:00,217
2017-01-28 00:00:00,164
2017-01-29 00:00:00,124
2017-01-30 00:00:00,242
2017-01-31 00:00:00,260
2017-02-01 00:00:00,285
2017-02-02 00:00:00,237
2017-02-03 00:00:00,254
2017-02-04 00:00:00,128
2017-02-05 00:00:00,153
2017-02-06 00:00:00,271
2017-02-07 00:00:00,246
2017-02-08 00:00:00,269
2017-02-09 00:00:00,221
2017-02-10 00:00:00,255
2017-02-11 00:00:00,155
2017-02-12 00:00:00,105
2017-02-13 00:00:00,227
2017-02-14 00:00:00,225
2017-02-15 00:00:00,255
2017-02-16 00:00:00,239
2017-02-17 00:00:00,230
2017-02-18 00:00:00,196
2017-02-19 00:00:00,144
2017-02-20 00:00:00,281
2017-02-21 00:00:00,270
2017-02-22 00:00:00,279
2017-02-23 00:00:00,243
2017-02-24 00:00:00,239
2017-02-25 00:00:00,162
2017-02-26 00:00:00,115
2017-02-27 00:00:00,170
2017-02-28 00:00:00,188
2017-03-01 00:00:00,250
2017-03-02 00:00:00,263
2017-03-03 00:00:00,262
2017-03-04 00:00:00,172
2017-03-05 00:00:00,140
2017-03-06 00:00:00,294
2017-03-07 00:00:00,230
2017-03-08 00:00:00,235
2017-03-09 00:00:00,255
2017-03-10 00:00:00,253
2017-03-11 00:00:00,144
2017-03-12 00:00:00,125
2017-03-13 00:00:00,247
2017-03-14 00:00:00,228
2017-03-15 00:00:00,206
2017-03-16 00:00:00,232
2017-03-17 00:00:00,243
2017-03-18 00:00:00,148
2017-03-19 00:00:00,119
2017-03-20 00:00:00,274
2017-03-21 00:00:00,210
2017-03-22 00:00:00,275
2017-03-23 00:00:00,245
2017-03-24 00:00:00,250
2017-03-25 00:00:00,163
2017-03-26 00:00:00,154
2017-03-27 00:00:00,266
2017-03-28 00:00:00,244
2017-03-29 00:00:00,288
2017-03-30 00:00:00,238
2017-03-31 00:00:00,232
2017-04-01 00:00:00,192
2017-04-02 00:00:00,151
2017-04-03 00:00:00,280
2017-04-04 00:00:00,226
2017-04-05 00:00:00,265
2017-04-06 00:00:00,222
2017-04-07 00:00:00,234
2017-04-08 00:00:00,190
2017-04-09 00:00:00,127
2017-04-10 00:00:00,235
2017-04-11 00:00:00,231
2017-04-12 00:00:00,208
2017-04-13 00:00:00,257
2017-04-14 00:00:00,153
2017-04-15 00:00:00,164
2017-04-16 00:00:00,112
2017-04-17 00:00:00,238
2017-04-18 00:00:00,228
2017-04-19 00:00:00,243
2017-04-20 00:00:00,258
2017-04-21 00:00:00,139
2017-04-22 00:00:00,163
2017-04-23 00:00:00,124
2017-04-24 00:00:00,275
2017-04-25 00:00:00,240
2017-04-26 00:00:00,245
2017-04-27 00:00:00,206
2017-04-28 00:00:00,167
2017-04-29 00:00:00,145
2017-04-30 00:00:00,112
2017-05-01 00:00:00,143
2017-05-02 00:00:00,286
2017-05-03 00:00:00,222
2017-05-04 00:00:00,230
2017-05-05 00:00:00,238
2017-05-06 00:00:00,167
2017-05-07 00:00:00,150
2017-05-08 00:00:00,201
2017-05-09 00:00:00,230
2017-05-10 00:00:00,243
2017-05-11 00:00:00,246
2017-05-12 00:00:00,227
2017-05-13 00:00:00,164
2017-05-14 00:00:00,123
2017-05-15 00:00:00,244
2017-05-16 00:00:00,239
2017-05-17 00:00:00,263
2017-05-18 00:00:00,220
2017-05-19 00:00:00,222
2017-05-20 00:00:00,171
2017-05-21 00:00:00,129
2017-05-22 00:00:00,258
2017-05-23 00:00:00,232
2017-05-24 00:00:00,246
2017-05-25 00:00:00,205
2017-05-26 00:00:00,246
2017-05-27 00:00:00,171
2017-05-28 00:00:00,139
2017-05-29 00:00:00,227
2017-05-30 00:00:00,272
2017-05-31 00:00:00,229
2017-06-01 00:00:00,245
2017-06-02 00:00:00,223
2017-06-03 00:00:00,173
2017-06-04 00:00:00,131
2017-06-05 00:00:00,219
2017-06-06 00:00:00,258
2017-06-07 00:00:00,242
2017-06-08 00:00:00,221
2017-06-09 00:00:00,239
2017-06-10 00:00:00,162
2017-06-11 00:00:00,121
2017-06-12 00:00:00,213
2017-06-13 00:00:00,252
2017-06-14 00:00:00,242
2017-06-15 00:00:00,133
2017-06-16 00:00:00,215
2017-06-17 00:00:00,188
2017-06-18 00:00:00,157
2017-06-19 00:00:00,277
2017-06-20 00:00:00,247
2017-06-21 00:00:00,284
2017-06-22 00:00:00,253
2017-06-23 00:00:00,264
2017-06-24 00:00:00,184
2017-06-25 00:00:00,162
2017-06-26 00:00:00,244
2017-06-27 00:00:00,236
2017-06-28 00:00:00,232
2017-06-29 00:00:00,271
2017-06-30 00:00:00,253
2017-07-01 00:00:00,181
2017-07-02 00:00:00,134
2017-07-03 00:00:00,251
2017-07-04 00:00:00,240
2017-07-05 00:00:00,262
2017-07-06 00:00:00,240
2017-07-07 00:00:00,261
2017-07-08 00:00:00,166
2017-07-09 00:00:00,134
2017-07-10 00:00:00,257
2017-07-11 00:00:00,240
2017-07-12 00:00:00,221
2017-07-13 00:00:00,249
2017-07-14 00:00:00,250
2017-07-15 00:00:00,195
2017-07-16 00:00:00,146
2017-07-17 00:00:00,227
2017-07-18 00:00:00,216
2017-07-19 00:00:00,211
2017-07-20 00:00:00,256
2017-07-21 00:00:00,233
2017-07-22 00:00:00,195
2017-07-23 00:00:00,117
2017-07-24 00:00:00,213
2017-07-25 00:00:00,250
2017-07-26 00:00:00,274
2017-07-27 00:00:00,241
2017-07-28 00:00:00,286
2017-07-29 00:00:00,186
2017-07-30 00:00:00,128
2017-07-31 00:00:00,244
2017-08-01 00:00:00,269
2017-08-02 00:00:00,253
2017-08-03 00:00:00,237
2017-08-04 00:00:00,261
2017-08-05 00:00:00,166
2017-08-06 00:00:00,117
2017-08-07 00:00:00,216
2017-08-08 00:00:00,280
2017-08-09 00:00:00,257
2017-08-10 00:00:00,249
2017-08-11 00:00:00,231
2017-08-12 00:00:00,178
2017-08-13 00:00:00,130
2017-08-14 00:00:00,241
2017-08-15 00:00:00,223
2017-08-16 00:00:00,255
2017-08-17 00:00:00,226
2017-08-18 00:00:00,217
2017-08-19 00:00:00,167
2017-08-20 00:00:00,140
2017-08-21 00:00:00,215
2017-08-22 00:00:00,241
2017-08-23 00:00:00,269
2017-08-24 00:00:00,259
2017-08-25 00:00:00,237
2017-08-26 00:00:00,189
2017-08-27 00:00:00,150
2017-08-28 00:00:00,239
2017-08-29 00:00:00,267
2017-08-30 00:00:00,267
2017-08-31 00:00:00,226
2017-09-01 00:00:00,245
2017-09-02 00:00:00,169
2017-09-03 00:00:00,110
2017-09-04 00:00:00,200
2017-09-05 00:00:00,243
2017-09-06 00:00:00,260
2017-09-07 00:00:00,111
2017-09-08 00:00:00,141
2017-09-09 00:00:00,165
2017-09-10 00:00:00,138
2017-09-11 00:00:00,248
2017-09-12 00:00:00,237
2017-09-13 00:00:00,247
2017-09-14 00:00:00,239
2017-09-15 00:00:00,260
2017-09-16 00:00:00,178
2017-09-17 00:00:00,122
2017-09-18 00:00:00,216
2017-09-19 00:00:00,210
2017-09-20 00:00:00,257
2017-09-21 00:00:00,228
2017-09-22 00:00:00,237
2017-09-23 00:00:00,205
2017-09-24 00:00:00,129
2017-09-25 00:00:00,260
2017-09-26 00:00:00,273
2017-09-27 00:00:00,230
2017-09-28 00:00:00,201
2017-09-29 00:00:00,250
2017-09-30 00:00:00,158
2017-10-01 00:00:00,165
2017-10-02 00:00:00,264
2017-10-03 00:00:00,264
2017-10-04 00:00:00,285
2017-10-05 00:00:00,219
2017-10-06 00:00:00,241
2017-10-07 00:00:00,160
2017-10-08 00:00:00,133
2017-10-09 00:00:00,271
2017-10-10 00:00:00,272
2017-10-11 00:00:00,230
2017-10-12 00:00:00,150
2017-10-13 00:00:00,220
2017-10-14 00:00:00,148
2017-10-15 00:00:00,143
2017-10-16 00:00:00,244
2017-10-17 00:00:00,230
2017-10-18 00:00:00,229
2017-10-19 00:00:00,215
2017-10-20 00:00:00,267
2017-10-21 00:00:00,184
2017-10-22 00:00:00,123
2017-10-23 00:00:00,248
2017-10-24 00:00:00,220
2017-10-25 00:00:00,246
2017-10-26 00:00:00,212
2017-10-27 00:00:00,228
2017-10-28 00:00:00,178
2017-10-29 00:00:00,136
2017-10-30 00:00:00,206
2017-10-31 00:00:00,247
2017-11-01 00:00:00,264
2017-11-02 00:00:00,155
2017-11-03 00:00:00,209
2017-11-04 00:00:00,165
2017-11-05 00:00:00,130
2017-11-06 00:00:00,255
2017-11-07 00:00:00,224
2017-11-08 00:00:00,220
2017-11-09 00:00:00,229
2017-11-10 00:00:00,204
2017-11-11 00:00:00,164
2017-11-12 00:00:00,149
2017-11-13 00:00:00,203
2017-11-14 00:00:00,255
2017-11-15 00:00:00,154
2017-11-16 00:00:00,233
2017-11-17 00:00:00,210
2017-11-18 00:00:00,190
2017-11-19 00:00:00,120
2017-11-20 00:00:00,260
2017-11-21 00:00:00,233
2017-11-22 00:00:00,223
2017-11-23 00:00:00,212
2017-11-24 00:00:00,217
2017-11-25 00:00:00,212
2017-11-26 00:00:00,141
2017-11-27 00:00:00,203
2017-11-28 00:00:00,229
2017-11-29 00:00:00,208
2017-11-30 00:00:00,207
2017-12-01 00:00:00,209
2017-12-02 00:00:00,143
2017-12-03 00:00:00,105
2017-12-04 00:00:00,192
2017-12-05 00:00:00,195
2017-12-06 00:00:00,182
2017-12-07 00:00:00,214
2017-12-08 00:00:00,233
2017-12-09 00:00:00,161
2017-12-10 00:00:00,146
2017-12-11 00:00:00,189
2017-12-12 00:00:00,226
2017-12-13 00:00:00,199
2017-12-14 00:00:00,205
2017-12-15 00:00:00,242
2017-12-16 00:00:00,149
2017-12-17 00:00:00,125
2017-12-18 00:00:00,206
2017-12-19 00:00:00,226
2017-12-20 00:00:00,232
2017-12-21 00:00:00,216
2017-12-22 00:00:00,167
2017-12-23 00:00:00,132
2017-12-24 00:00:00,105
2017-12-25 00:00:00,84
2017-12-26 00:00:00,146
2017-12-27 00:00:00,165
2017-12-28 00:00:00,172
2017-12-29 00:00:00,154
2017-12-30 00:00:00,133
2017-12-31 00:00:00,92
2018-01-01 00:00:00,134
2018-01-02 00:00:00,165
2018-01-03 00:00:00,192
2018-01-04 00:00:00,209
2018-01-05 00:00:00,193
2018-01-06 00:00:00,148
2018-01-07 00:00:00,122
2018-01-08 00:00:00,195
2018-01-09 00:00:00,213
2018-01-10 00:00:00,212
2018-01-11 00:00:00,183
2018-01-12 00:00:00,189
2018-01-13 00:00:00,141
2018-01-14 00:00:00,133
2018-01-15 00:00:00,227
2018-01-16 00:00:00,221
2018-01-17 00:00:00,207
2018-01-18 00:00:00,229
2018-01-19 00:00:00,233
2018-01-20 00:00:00,183
2018-01-21 00:00:00,136
2018-01-22 00:00:00,203
2018-01-23 00:00:00,201
2018-01-24 00:00:00,224
2018-01-25 00:00:00,215
2018-01-26 00:00:00,201
2018-01-27 00:00:00,149
2018-01-28 00:00:00,160
2018-01-29 00:00:00,217
2018-01-30 00:00:00,199
2018-01-31 00:00:00,255
2018-02-01 00:00:00,263
2018-02-02 00:00:00,239
2018-02-03 00:00:00,148
2018-02-04 00:00:00,107
2018-02-05 00:00:00,191
2018-02-06 00:00:00,240
2018-02-07 00:00:00,227
2018-02-08 00:00:00,201
2018-02-09 00:00:00,196
2018-02-10 00:00:00,177
2018-02-11 00:00:00,96
2018-02-12 00:00:00,145
2018-02-13 00:00:00,127
2018-02-14 00:00:00,222
2018-02-15 00:00:00,216
2018-02-16 00:00:00,239
2018-02-17 00:00:00,169
2018-02-18 00:00:00,137
2018-02-19 00:00:00,229
2018-02-20 00:00:00,224
2018-02-21 00:00:00,231
2018-02-22 00:00:00,205
2018-02-23 00:00:00,229
2018-02-24 00:00:00,154
2018-02-25 00:00:00,151
2018-02-26 00:00:00,213
2018-02-27 00:00:00,194
2018-02-28 00:00:00,237
2018-03-01 00:00:00,215
2018-03-02 00:00:00,237
2018-03-03 00:00:00,186
2018-03-04 00:00:00,136
2018-03-05 00:00:00,247
2018-03-06 00:00:00,234
2018-03-07 00:00:00,223
2018-03-08 00:00:00,211
2018-03-09 00:00:00,234
2018-03-10 00:00:00,148
2018-03-11 00:00:00,94
2018-03-12 00:00:00,171
2018-03-13 00:00:00,218
2018-03-14 00:00:00,226
2018-03-15 00:00:00,241
2018-03-16 00:00:00,259
2018-03-17 00:00:00,169
2018-03-18 00:00:00,130
2018-03-19 00:00:00,209
2018-03-20 00:00:00,226
2018-03-21 00:00:00,242
2018-03-22 00:00:00,220
2018-03-23 00:00:00,224
2018-03-24 00:00:00,162
2018-03-25 00:00:00,115
2018-03-26 00:00:00,224
2018-03-27 00:00:00,211
2018-03-28 00:00:00,230
2018-03-29 00:00:00,199
2018-03-30 00:00:00,127
2018-03-31 00:00:00,147
2018-04-01 00:00:00,143
2018-04-02 00:00:00,257
2018-04-03 00:00:00,236
2018-04-04 00:00:00,223
2018-04-05 00:00:00,219
2018-04-06 00:00:00,244
2018-04-07 00:00:00,166
2018-04-08 00:00:00,118
2018-04-09 00:00:00,225
2018-04-10 00:00:00,267
2018-04-11 00:00:00,227
2018-04-12 00:00:00,244
2018-04-13 00:00:00,247
2018-04-14 00:00:00,200
2018-04-15 00:00:00,134
2018-04-16 00:00:00,199
2018-04-17 00:00:00,246
2018-04-18 00:00:00,259
2018-04-19 00:00:00,206
2018-04-20 00:00:00,208
2018-04-21 00:00:00,179
2018-04-22 00:00:00,138
2018-04-23 00:00:00,220
2018-04-24 00:00:00,240
2018-04-25 00:00:00,231
2018-04-26 00:00:00,193
2018-04-27 00:00:00,219
2018-04-28 00:00:00,141
2018-04-29 00:00:00,123
2018-04-30 00:00:00,210
2018-05-01 00:00:00,143
2018-05-02 00:00:00,248
2018-05-03 00:00:00,208
2018-05-04 00:00:00,252
2018-05-05 00:00:00,164
2018-05-06 00:00:00,152
2018-05-07 00:00:00,239
2018-05-08 00:00:00,195
2018-05-09 00:00:00,235
2018-05-10 00:00:00,243
2018-05-11 00:00:00,201
2018-05-12 00:00:00,184
2018-05-13 00:00:00,120
2018-05-14 00:00:00,222
2018-05-15 00:00:00,216
2018-05-16 00:00:00,225
2018-05-17 00:00:00,209
2018-05-18 00:00:00,220
2018-05-19 00:00:00,152
2018-05-20 00:00:00,125
2018-05-21 00:00:00,196
2018-05-22 00:00:00,198
2018-05-23 00:00:00,207
2018-05-24 00:00:00,215
2018-05-25 00:00:00,229
2018-05-26 00:00:00,120
2018-05-27 00:00:00,95
2018-05-28 00:00:00,201
2018-05-29 00:00:00,204
2018-05-30 00:00:00,225
2018-05-31 00:00:00,140
2018-06-01 00:00:00,245
2018-06-02 00:00:00,156
2018-06-03 00:00:00,115
2018-06-04 00:00:00,235
2018-06-05 00:00:00,207
2018-06-06 00:00:00,243
2018-06-07 00:00:00,215
2018-06-08 00:00:00,247
2018-06-09 00:00:00,155
2018-06-10 00:00:00,136
2018-06-11 00:00:00,203
2018-06-12 00:00:00,226
2018-06-13 00:00:00,226
2018-06-14 00:00:00,206
2018-06-15 00:00:00,236
2018-06-16 00:00:00,168
2018-06-17 00:00:00,132
2018-06-18 00:00:00,212
2018-06-19 00:00:00,212
2018-06-20 00:00:00,240
2018-06-21 00:00:00,230
2018-06-22 00:00:00,210
2018-06-23 00:00:00,166
2018-06-24 00:00:00,132
2018-06-25 00:00:00,233
2018-06-26 00:00:00,220
2018-06-27 00:00:00,168
2018-06-28 00:00:00,261
2018-06-29 00:00:00,219
2018-06-30 00:00:00,135
2018-07-01 00:00:00,134
2018-07-02 00:00:00,194
2018-07-03 00:00:00,188
2018-07-04 00:00:00,219
2018-07-05 00:00:00,230
2018-07-06 00:00:00,189
2018-07-07 00:00:00,160
2018-07-08 00:00:00,132
2018-07-09 00:00:00,223
2018-07-10 00:00:00,235
2018-07-11 00:00:00,212
2018-07-12 00:00:00,211
2018-07-13 00:00:00,242
2018-07-14 00:00:00,171
2018-07-15 00:00:00,142
2018-07-16 00:00:00,236
2018-07-17 00:00:00,247
2018-07-18 00:00:00,193
2018-07-19 00:00:00,258
2018-07-20 00:00:00,271
2018-07-21 00:00:00,167
2018-07-22 00:00:00,137
2018-07-23 00:00:00,201
2018-07-24 00:00:00,217
2018-07-25 00:00:00,211
2018-07-26 00:00:00,256
2018-07-27 00:00:00,203
2018-07-28 00:00:00,163
2018-07-29 00:00:00,128
2018-07-30 00:00:00,175
2018-07-31 00:00:00,224
2018-08-01 00:00:00,232
2018-08-02 00:00:00,208
2018-08-03 00:00:00,234
2018-08-04 00:00:00,152
2018-08-05 00:00:00,128
2018-08-06 00:00:00,230
2018-08-07 00:00:00,216
2018-08-08 00:00:00,201
2018-08-09 00:00:00,246
2018-08-10 00:00:00,220
2018-08-11 00:00:00,153
2018-08-12 00:00:00,134
2018-08-13 00:00:00,205
2018-08-14 00:00:00,240
2018-08-15 00:00:00,254
2018-08-16 00:00:00,213
2018-08-17 00:00:00,243
2018-08-18 00:00:00,183
2018-08-19 00:00:00,124
2018-08-20 00:00:00,224
2018-08-21 00:00:00,197
2018-08-22 00:00:00,188
2018-08-23 00:00:00,212
2018-08-24 00:00:00,221
2018-08-25 00:00:00,146
2018-08-26 00:00:00,112
2018-08-27 00:00:00,199
2018-08-28 00:00:00,216
2018-08-29 00:00:00,211
2018-08-30 00:00:00,185
2018-08-31 00:00:00,192
2018-09-01 00:00:00,161
2018-09-02 00:00:00,108
2018-09-03 00:00:00,201
2018-09-04 00:00:00,204
2018-09-05 00:00:00,196
2018-09-06 00:00:00,190
2018-09-07 00:00:00,122
2018-09-08 00:00:00,123
2018-09-09 00:00:00,124
2018-09-10 00:00:00,193
2018-09-11 00:00:00,197
2018-09-12 00:00:00,209
2018-09-13 00:00:00,197
2018-09-14 00:00:00,192
2018-09-15 00:00:00,142
2018-09-16 00:00:00,112
2018-09-17 00:00:00,219
2018-09-18 00:00:00,196
2018-09-19 00:00:00,199
2018-09-20 00:00:00,201
2018-09-21 00:00:00,190
2018-09-22 00:00:00,121
2018-09-23 00:00:00,118
2018-09-24 00:00:00,198
2018-09-25 00:00:00,214
2018-09-26 00:00:00,176
2018-09-27 00:00:00,168
2018-09-28 00:00:00,175
2018-09-29 00:00:00,129
2018-09-30 00:00:00,107
2018-10-01 00:00:00,219
2018-10-02 00:00:00,184
2018-10-03 00:00:00,175
2018-10-04 00:00:00,200
2018-10-05 00:00:00,216
2018-10-06 00:00:00,128
2018-10-07 00:00:00,125
2018-10-08 00:00:00,191
2018-10-09 00:00:00,188
2018-10-10 00:00:00,226
2018-10-11 00:00:00,199
2018-10-12 00:00:00,127
2018-10-13 00:00:00,131
2018-10-14 00:00:00,122
2018-10-15 00:00:00,229
2018-10-16 00:00:00,216
2018-10-17 00:00:00,252
2018-10-18 00:00:00,197
2018-10-19 00:00:00,173
2018-10-20 00:00:00,133
2018-10-21 00:00:00,145
2018-10-22 00:00:00,205
2018-10-23 00:00:00,210
2018-10-24 00:00:00,212
2018-10-25 00:00:00,234
2018-10-26 00:00:00,231
2018-10-27 00:00:00,171
2018-10-28 00:00:00,125
2018-10-29 00:00:00,182
2018-10-30 00:00:00,171
2018-10-31 00:00:00,210
2018-11-01 00:00:00,224
2018-11-02 00:00:00,126
2018-11-03 00:00:00,145
2018-11-04 00:00:00,109
2018-11-05 00:00:00,186
2018-11-06 00:00:00,205
2018-11-07 00:00:00,190
2018-11-08 00:00:00,189
2018-11-09 00:00:00,185
2018-11-10 00:00:00,166
2018-11-11 00:00:00,107
2018-11-12 00:00:00,192
2018-11-13 00:00:00,207
2018-11-14 00:00:00,171
2018-11-15 00:00:00,151
2018-11-16 00:00:00,169
2018-11-17 00:00:00,141
2018-11-18 00:00:00,141
2018-11-19 00:00:00,218
2018-11-20 00:00:00,208
2018-11-21 00:00:00,197
2018-11-22 00:00:00,199
2018-11-23 00:00:00,239
2018-11-24 00:00:00,153
2018-11-25 00:00:00,157
2018-11-26 00:00:00,199
2018-11-27 00:00:00,233
2018-11-28 00:00:00,208
2018-11-29 00:00:00,217
2018-11-30 00:00:00,187
2018-12-01 00:00:00,181
2018-12-02 00:00:00,126
2018-12-03 00:00:00,186
2018-12-04 00:00:00,204
2018-12-05 00:00:00,175
2018-12-06 00:00:00,183
2018-12-07 00:00:00,169
2018-12-08 00:00:00,167
2018-12-09 00:00:00,110
2018-12-10 00:00:00,181
2018-12-11 00:00:00,201
2018-12-12 00:00:00,304
2018-12-13 00:00:00,212
2018-12-14 00:00:00,192
2018-12-15 00:00:00,187
2018-12-16 00:00:00,137
2018-12-17 00:00:00,171
2018-12-18 00:00:00,181
2018-12-19 00:00:00,201
2018-12-20 00:00:00,182
2018-12-21 00:00:00,191
2018-12-22 00:00:00,137
2018-12-23 00:00:00,107
2018-12-24 00:00:00,128
2018-12-25 00:00:00,71
2018-12-26 00:00:00,143
2018-12-27 00:00:00,181
2018-12-28 00:00:00,186
2018-12-29 00:00:00,127
2018-12-30 00:00:00,117
2018-12-31 00:00:00,114
2019-01-01 00:00:00,111
2019-01-02 00:00:00,134
2019-01-03 00:00:00,146
2019-01-04 00:00:00,171
2019-01-05 00:00:00,138
2019-01-06 00:00:00,102
2019-01-07 00:00:00,164
2019-01-08 00:00:00,174
2019-01-09 00:00:00,189
2019-01-10 00:00:00,169
2019-01-11 00:00:00,158
2019-01-12 00:00:00,137
2019-01-13 00:00:00,111
2019-01-14 00:00:00,196
2019-01-15 00:00:00,211
2019-01-16 00:00:00,192
2019-01-17 00:00:00,197
2019-01-18 00:00:00,185
2019-01-19 00:00:00,166
2019-01-20 00:00:00,116
2019-01-21 00:00:00,177
2019-01-22 00:00:00,187
2019-01-23 00:00:00,179
2019-01-24 00:00:00,167
2019-01-25 00:00:00,177
2019-01-26 00:00:00,116
2019-01-27 00:00:00,99
2019-01-28 00:00:00,159
2019-01-29 00:00:00,191
2019-01-30 00:00:00,204
2019-01-31 00:00:00,161
2019-02-01 00:00:00,222
2019-02-02 00:00:00,157
2019-02-03 00:00:00,124
2019-02-04 00:00:00,189
2019-02-05 00:00:00,178
2019-02-06 00:00:00,204
2019-02-07 00:00:00,193
2019-02-08 00:00:00,199
2019-02-09 00:00:00,150
2019-02-10 00:00:00,134
2019-02-11 00:00:00,155
2019-02-12 00:00:00,179
2019-02-13 00:00:00,176
2019-02-14 00:00:00,177
2019-02-15 00:00:00,187
2019-02-16 00:00:00,126
2019-02-17 00:00:00,133
2019-02-18 00:00:00,203
2019-02-19 00:00:00,202
2019-02-20 00:00:00,188
2019-02-21 00:00:00,187
2019-02-22 00:00:00,194
2019-02-23 00:00:00,128
2019-02-24 00:00:00,99
2019-02-25 00:00:00,188
2019-02-26 00:00:00,190
2019-02-27 00:00:00,165
2019-02-28 00:00:00,173
2019-03-01 00:00:00,227
2019-03-02 00:00:00,126
2019-03-03 00:00:00,116
2019-03-04 00:00:00,131
2019-03-05 00:00:00,124
2019-03-06 00:00:00,182
2019-03-07 00:00:00,178
2019-03-08 00:00:00,203
2019-03-09 00:00:00,131
2019-03-10 00:00:00,115
2019-03-11 00:00:00,190
2019-03-12 00:00:00,163
2019-03-13 00:00:00,180
2019-03-14 00:00:00,209
2019-03-15 00:00:00,190
2019-03-16 00:00:00,139
2019-03-17 00:00:00,139
2019-03-18 00:00:00,184
2019-03-19 00:00:00,174
2019-03-20 00:00:00,196
2019-03-21 00:00:00,176
2019-03-22 00:00:00,165
2019-03-23 00:00:00,131
2019-03-24 00:00:00,108
2019-03-25 00:00:00,177
2019-03-26 00:00:00,199
2019-03-27 00:00:00,179
2019-03-28 00:00:00,183
2019-03-29 00:00:00,175
2019-03-30 00:00:00,149
2019-03-31 00:00:00,98
2019-04-01 00:00:00,185
2019-04-02 00:00:00,190
2019-04-03 00:00:00,196
2019-04-04 00:00:00,185
2019-04-05 00:00:00,191
2019-04-06 00:00:00,133
2019-04-07 00:00:00,108
2019-04-08 00:00:00,178
2019-04-09 00:00:00,171
2019-04-10 00:00:00,211
2019-04-11 00:00:00,183
2019-04-12 00:00:00,195
2019-04-13 00:00:00,156
2019-04-14 00:00:00,80
2019-04-15 00:00:00,195
2019-04-16 00:00:00,194
2019-04-17 00:00:00,165
2019-04-18 00:00:00,181
2019-04-19 00:00:00,103
2019-04-20 00:00:00,135
2019-04-21 00:00:00,111
2019-04-22 00:00:00,187
2019-04-23 00:00:00,214
2019-04-24 00:00:00,179
2019-04-25 00:00:00,174
2019-04-26 00:00:00,178
2019-04-27 00:00:00,134
2019-04-28 00:00:00,105
2019-04-29 00:00:00,177
2019-04-30 00:00:00,191
2019-05-01 00:00:00,130
2019-05-02 00:00:00,193
2019-05-03 00:00:00,193
2019-05-04 00:00:00,137
2019-05-05 00:00:00,98
2019-05-06 00:00:00,169
2019-05-07 00:00:00,182
2019-05-08 00:00:00,179
2019-05-09 00:00:00,169
2019-05-10 00:00:00,177
2019-05-11 00:00:00,137
2019-05-12 00:00:00,111
2019-05-13 00:00:00,173
2019-05-14 00:00:00,173
2019-05-15 00:00:00,188
2019-05-16 00:00:00,144
2019-05-17 00:00:00,180
2019-05-18 00:00:00,135
2019-05-19 00:00:00,107
2019-05-20 00:00:00,191
2019-05-21 00:00:00,178
2019-05-22 00:00:00,182
2019-05-23 00:00:00,153
2019-05-24 00:00:00,173
2019-05-25 00:00:00,123
2019-05-26 00:00:00,101
2019-05-27 00:00:00,150
2019-05-28 00:00:00,159
2019-05-29 00:00:00,186
2019-05-30 00:00:00,154
2019-05-31 00:00:00,146
2019-06-01 00:00:00,139
2019-06-02 00:00:00,101
2019-06-03 00:00:00,200
2019-06-04 00:00:00,189
2019-06-05 00:00:00,197
2019-06-06 00:00:00,181
2019-06-07 00:00:00,155
2019-06-08 00:00:00,131
2019-06-09 00:00:00,108
2019-06-10 00:00:00,174
2019-06-11 00:00:00,184
2019-06-12 00:00:00,177
2019-06-13 00:00:00,176
2019-06-14 00:00:00,164
2019-06-15 00:00:00,141
2019-06-16 00:00:00,97
2019-06-17 00:00:00,184
2019-06-18 00:00:00,171
2019-06-19 00:00:00,178
2019-06-20 00:00:00,111
2019-06-21 00:00:00,145
2019-06-22 00:00:00,141
2019-06-23 00:00:00,99
2019-06-24 00:00:00,194
2019-06-25 00:00:00,178
2019-06-26 00:00:00,194
2019-06-27 00:00:00,148
2019-06-28 00:00:00,190
2019-06-29 00:00:00,149
2019-06-30 00:00:00,107
2019-07-01 00:00:00,193
2019-07-02 00:00:00,164
2019-07-03 00:00:00,144
2019-07-04 00:00:00,167
2019-07-05 00:00:00,171
2019-07-06 00:00:00,115
2019-07-07 00:00:00,104
2019-07-08 00:00:00,151
2019-07-09 00:00:00,158
2019-07-10 00:00:00,193
2019-07-11 00:00:00,164
2019-07-12 00:00:00,175
2019-07-13 00:00:00,129
2019-07-14 00:00:00,108
2019-07-15 00:00:00,185
2019-07-16 00:00:00,194
2019-07-17 00:00:00,189
2019-07-18 00:00:00,171
2019-07-19 00:00:00,181
2019-07-20 00:00:00,134
2019-07-21 00:00:00,119
2019-07-22 00:00:00,179
2019-07-23 00:00:00,161
2019-07-24 00:00:00,190
2019-07-25 00:00:00,178
2019-07-26 00:00:00,170
2019-07-27 00:00:00,128
2019-07-28 00:00:00,93
2019-07-29 00:00:00,181
2019-07-30 00:00:00,166
2019-07-31 00:00:00,180
2019-08-01 00:00:00,199
2019-08-02 00:00:00,174
2019-08-03 00:00:00,130
2019-08-04 00:00:00,93
2019-08-05 00:00:00,163
2019-08-06 00:00:00,150
2019-08-07 00:00:00,175
2019-08-08 00:00:00,173
2019-08-09 00:00:00,180
2019-08-10 00:00:00,146
2019-08-11 00:00:00,102
2019-08-12 00:00:00,183
2019-08-13 00:00:00,153
2019-08-14 00:00:00,169
2019-08-15 00:00:00,182
2019-08-16 00:00:00,168
2019-08-17 00:00:00,128
2019-08-18 00:00:00,116
2019-08-19 00:00:00,139
2019-08-20 00:00:00,197
2019-08-21 00:00:00,187
2019-08-22 00:00:00,158
2019-08-23 00:00:00,160
2019-08-24 00:00:00,129
2019-08-25 00:00:00,103
2019-08-26 00:00:00,164
2019-08-27 00:00:00,218
2019-08-28 00:00:00,197
2019-08-29 00:00:00,162
2019-08-30 00:00:00,200
2019-08-31 00:00:00,112
2019-09-01 00:00:00,91
2019-09-02 00:00:00,189
2019-09-03 00:00:00,179
2019-09-04 00:00:00,170
2019-09-05 00:00:00,152
2019-09-06 00:00:00,147
2019-09-07 00:00:00,103
2019-09-08 00:00:00,80
2019-09-09 00:00:00,156
2019-09-10 00:00:00,190
2019-09-11 00:00:00,235
2019-09-12 00:00:00,166
2019-09-13 00:00:00,188
2019-09-14 00:00:00,130
2019-09-15 00:00:00,96
2019-09-16 00:00:00,177
2019-09-17 00:00:00,162
2019-09-18 00:00:00,184
2019-09-19 00:00:00,150
2019-09-20 00:00:00,170
2019-09-21 00:00:00,121
2019-09-22 00:00:00,87
2019-09-23 00:00:00,176
2019-09-24 00:00:00,155
2019-09-25 00:00:00,195
2019-09-26 00:00:00,168
2019-09-27 00:00:00,171
2019-09-28 00:00:00,116
2019-09-29 00:00:00,115
2019-09-30 00:00:00,175
2019-10-01 00:00:00,193
2019-10-02 00:00:00,153
2019-10-03 00:00:00,159
2019-10-04 00:00:00,167
2019-10-05 00:00:00,139
2019-10-06 00:00:00,95
2019-10-07 00:00:00,159
2019-10-08 00:00:00,156
2019-10-09 00:00:00,140
2019-10-10 00:00:00,151
2019-10-11 00:00:00,164
2019-10-12 00:00:00,117
2019-10-13 00:00:00,94
2019-10-14 00:00:00,149
2019-10-15 00:00:00,151
2019-10-16 00:00:00,175
2019-10-17 00:00:00,163
2019-10-18 00:00:00,172
2019-10-19 00:00:00,128
2019-10-20 00:00:00,102
2019-10-21 00:00:00,153
2019-10-22 00:00:00,196
2019-10-23 00:00:00,172
2019-10-24 00:00:00,174
2019-10-25 00:00:00,158
2019-10-26 00:00:00,125
2019-10-27 00:00:00,92
2019-10-28 00:00:00,162
2019-10-29 00:00:00,196
2019-10-30 00:00:00,172
2019-10-31 00:00:00,190
2019-11-01 00:00:00,189
2019-11-02 00:00:00,133
2019-11-03 00:00:00,94
2019-11-04 00:00:00,171
2019-11-05 00:00:00,152
2019-11-06 00:00:00,172
2019-11-07 00:00:00,145
2019-11-08 00:00:00,160
2019-11-09 00:00:00,111
2019-11-10 00:00:00,104
2019-11-11 00:00:00,167
2019-11-12 00:00:00,173
2019-11-13 00:00:00,197
2019-11-14 00:00:00,146
2019-11-15 00:00:00,114
2019-11-16 00:00:00,124
2019-11-17 00:00:00,111
2019-11-18 00:00:00,198
2019-11-19 00:00:00,178
2019-11-20 00:00:00,214
2019-11-21 00:00:00,166
2019-11-22 00:00:00,142
2019-11-23 00:00:00,123
2019-11-24 00:00:00,123
2019-11-25 00:00:00,173
2019-11-26 00:00:00,177
2019-11-27 00:00:00,194
2019-11-28 00:00:00,171
2019-11-29 00:00:00,187
2019-11-30 00:00:00,136
2019-12-01 00:00:00,153
2019-12-02 00:00:00,171
2019-12-03 00:00:00,188
2019-12-04 00:00:00,162
2019-12-05 00:00:00,160
2019-12-06 00:00:00,185
2019-12-07 00:00:00,116
2019-12-08 00:00:00,103
2019-12-09 00:00:00,157
2019-12-10 00:00:00,192
2019-12-11 00:00:00,184
2019-12-12 00:00:00,166
2019-12-13 00:00:00,177
2019-12-14 00:00:00,155
2019-12-15 00:00:00,113
2019-12-16 00:00:00,173
2019-12-17 00:00:00,181
2019-12-18 00:00:00,189
2019-12-19 00:00:00,185
2019-12-20 00:00:00,218
2019-12-21 00:00:00,125
2019-12-22 00:00:00,95
2019-12-23 00:00:00,161
2019-12-24 00:00:00,93
2019-12-25 00:00:00,71
2019-12-26 00:00:00,146
2019-12-27 00:00:00,143
2019-12-28 00:00:00,127
2019-12-29 00:00:00,90
2019-12-30 00:00:00,147
2019-12-31 00:00:00,99
2020-01-01 00:00:00,121
2020-01-02 00:00:00,132
2020-01-03 00:00:00,173
2020-01-04 00:00:00,97
2020-01-05 00:00:00,105
2020-01-06 00:00:00,233
2020-01-07 00:00:00,196
2020-01-08 00:00:00,169
2020-01-09 00:00:00,190
2020-01-10 00:00:00,204
2020-01-11 00:00:00,144
2020-01-12 00:00:00,112
2020-01-13 00:00:00,189
2020-01-14 00:00:00,188
2020-01-15 00:00:00,204
2020-01-16 00:00:00,171
2020-01-17 00:00:00,187
2020-01-18 00:00:00,142
2020-01-19 00:00:00,122
2020-01-20 00:00:00,207
2020-01-21 00:00:00,182
2020-01-22 00:00:00,168
2020-01-23 00:00:00,187
2020-01-24 00:00:00,184
2020-01-25 00:00:00,147
2020-01-26 00:00:00,137
2020-01-27 00:00:00,206
2020-01-28 00:00:00,182
2020-01-29 00:00:00,189
2020-01-30 00:00:00,197
2020-01-31 00:00:00,178
2020-02-01 00:00:00,185
2020-02-02 00:00:00,112
2020-02-03 00:00:00,191
2020-02-04 00:00:00,175
2020-02-05 00:00:00,195
2020-02-06 00:00:00,195
2020-02-07 00:00:00,200
2020-02-08 00:00:00,124
2020-02-09 00:00:00,121
2020-02-10 00:00:00,226
2020-02-11 00:00:00,166
2020-02-12 00:00:00,229
2020-02-13 00:00:00,162
2020-02-14 00:00:00,197
2020-02-15 00:00:00,202
2020-02-16 00:00:00,90
2020-02-17 00:00:00,213
2020-02-18 00:00:00,212
2020-02-19 00:00:00,216
2020-02-20 00:00:00,202
2020-02-21 00:00:00,215
2020-02-22 00:00:00,126
2020-02-23 00:00:00,144
2020-02-24 00:00:00,178
2020-02-25 00:00:00,151
2020-02-26 00:00:00,172
2020-02-27 00:00:00,191
2020-02-28 00:00:00,194
2020-02-29 00:00:00,166
2020-03-01 00:00:00,125
2020-03-02 00:00:00,232
2020-03-03 00:00:00,225
2020-03-04 00:00:00,212
2020-03-05 00:00:00,236
2020-03-06 00:00:00,229
2020-03-07 00:00:00,154
2020-03-08 00:00:00,112
2020-03-09 00:00:00,223
2020-03-10 00:00:00,208
2020-03-11 00:00:00,213
2020-03-12 00:00:00,202
2020-03-13 00:00:00,195
2020-03-14 00:00:00,175
2020-03-15 00:00:00,152
2020-03-16 00:00:00,178
2020-03-17 00:00:00,195
2020-03-18 00:00:00,166
2020-03-19 00:00:00,154
2020-03-20 00:00:00,141
2020-03-21 00:00:00,79
2020-03-22 00:00:00,63
2020-03-23 00:00:00,113
2020-03-24 00:00:00,116
2020-03-25 00:00:00,124
2020-03-26 00:00:00,103
2020-03-27 00:00:00,122
2020-03-28 00:00:00,88
2020-03-29 00:00:00,91
2020-03-30 00:00:00,136
2020-03-31 00:00:00,138
2020-04-01 00:00:00,141
2020-04-02 00:00:00,163
2020-04-03 00:00:00,135
2020-04-04 00:00:00,99
2020-04-05 00:00:00,83
2020-04-06 00:00:00,150
2020-04-07 00:00:00,127
2020-04-08 00:00:00,123
2020-04-09 00:00:00,125
2020-04-10 00:00:00,81
2020-04-11 00:00:00,110
2020-04-12 00:00:00,81
2020-04-13 00:00:00,150
2020-04-14 00:00:00,145
2020-04-15 00:00:00,187
2020-04-16 00:00:00,140
2020-04-17 00:00:00,158
2020-04-18 00:00:00,101
2020-04-19 00:00:00,78
2020-04-20 00:00:00,143
2020-04-21 00:00:00,97
2020-04-22 00:00:00,133
2020-04-23 00:00:00,155
2020-04-24 00:00:00,148
2020-04-25 00:00:00,105
2020-04-26 00:00:00,84
2020-04-27 00:00:00,130
2020-04-28 00:00:00,141
2020-04-29 00:00:00,151
2020-04-30 00:00:00,126
2020-05-01 00:00:00,133
2020-05-02 00:00:00,110
2020-05-03 00:00:00,93
2020-05-04 00:00:00,151
2020-05-05 00:00:00,163
2020-05-06 00:00:00,154
2020-05-07 00:00:00,148
2020-05-08 00:00:00,113
2020-05-09 00:00:00,96
2020-05-10 00:00:00,100
2020-05-11 00:00:00,154
2020-05-12 00:00:00,148
2020-05-13 00:00:00,149
2020-05-14 00:00:00,143
2020-05-15 00:00:00,132
2020-05-16 00:00:00,120
2020-05-17 00:00:00,72
2020-05-18 00:00:00,131
2020-05-19 00:00:00,148
2020-05-20 00:00:00,157
2020-05-21 00:00:00,127
2020-05-22 00:00:00,151
2020-05-23 00:00:00,96
2020-05-24 00:00:00,80
2020-05-25 00:00:00,154
2020-05-26 00:00:00,153
2020-05-27 00:00:00,148
2020-05-28 00:00:00,161
2020-05-29 00:00:00,138
2020-05-30 00:00:00,90
2020-05-31 00:00:00,62
2020-06-01 00:00:00,171
2020-06-02 00:00:00,117
2020-06-03 00:00:00,135
2020-06-04 00:00:00,142
2020-06-05 00:00:00,119
2020-06-06 00:00:00,111
2020-06-07 00:00:00,120
2020-06-08 00:00:00,116
2020-06-09 00:00:00,135
2020-06-10 00:00:00,133
2020-06-11 00:00:00,87
2020-06-12 00:00:00,133
2020-06-13 00:00:00,95
2020-06-14 00:00:00,78
2020-06-15 00:00:00,138
2020-06-16 00:00:00,155
2020-06-17 00:00:00,154
2020-06-18 00:00:00,137
2020-06-19 00:00:00,132
2020-06-20 00:00:00,87
2020-06-21 00:00:00,76
2020-06-22 00:00:00,120
2020-06-23 00:00:00,136
2020-06-24 00:00:00,124
2020-06-25 00:00:00,130
2020-06-26 00:00:00,133
2020-06-27 00:00:00,76
2020-06-28 00:00:00,63
2020-06-29 00:00:00,124
2020-06-30 00:00:00,128
2020-07-01 00:00:00,144
2020-07-02 00:00:00,92
2020-07-03 00:00:00,95
2020-07-04 00:00:00,90
2020-07-05 00:00:00,62
2020-07-06 00:00:00,147
2020-07-07 00:00:00,116
2020-07-08 00:00:00,100
2020-07-09 00:00:00,117
2020-07-10 00:00:00,91
2020-07-11 00:00:00,77
2020-07-12 00:00:00,71
2020-07-13 00:00:00,139
2020-07-14 00:00:00,135
2020-07-15 00:00:00,142
2020-07-16 00:00:00,109
2020-07-17 00:00:00,132
2020-07-18 00:00:00,97
2020-07-19 00:00:00,89
2020-07-20 00:00:00,153
2020-07-21 00:00:00,113
2020-07-22 00:00:00,132
2020-07-23 00:00:00,120
2020-07-24 00:00:00,117
2020-07-25 00:00:00,80
2020-07-26 00:00:00,70
2020-07-27 00:00:00,127
2020-07-28 00:00:00,151
2020-07-29 00:00:00,115
2020-07-30 00:00:00,103
2020-07-31 00:00:00,113
2020-08-01 00:00:00,115
2020-08-02 00:00:00,55
2020-08-03 00:00:00,129
2020-08-04 00:00:00,130
2020-08-05 00:00:00,130
2020-08-06 00:00:00,108
2020-08-07 00:00:00,114
2020-08-08 00:00:00,86
2020-08-09 00:00:00,68
2020-08-10 00:00:00,124
2020-08-11 00:00:00,129
2020-08-12 00:00:00,138
2020-08-13 00:00:00,126
2020-08-14 00:00:00,134
2020-08-15 00:00:00,81
2020-08-16 00:00:00,56
2020-08-17 00:00:00,138
2020-08-18 00:00:00,112
2020-08-19 00:00:00,120
2020-08-20 00:00:00,102
2020-08-21 00:00:00,100
2020-08-22 00:00:00,82
2020-08-23 00:00:00,77
2020-08-24 00:00:00,128
2020-08-25 00:00:00,119
2020-08-26 00:00:00,121
2020-08-27 00:00:00,103
2020-08-28 00:00:00,131
2020-08-29 00:00:00,82
2020-08-30 00:00:00,70
2020-08-31 00:00:00,114
2020-09-01 00:00:00,141
2020-09-02 00:00:00,124
2020-09-03 00:00:00,140
2020-09-04 00:00:00,135
2020-09-05 00:00:00,86
2020-09-06 00:00:00,79
2020-09-07 00:00:00,79
2020-09-08 00:00:00,115
2020-09-09 00:00:00,140
2020-09-10 00:00:00,136
2020-09-11 00:00:00,141
2020-09-12 00:00:00,109
2020-09-13 00:00:00,88
2020-09-14 00:00:00,165
2020-09-15 00:00:00,127
2020-09-16 00:00:00,140
2020-09-17 00:00:00,124
2020-09-18 00:00:00,140
2020-09-19 00:00:00,95
2020-09-20 00:00:00,67
2020-09-21 00:00:00,120
2020-09-22 00:00:00,107
2020-09-23 00:00:00,135
2020-09-24 00:00:00,125
2020-09-25 00:00:00,131
2020-09-26 00:00:00,95
2020-09-27 00:00:00,81
2020-09-28 00:00:00,117
2020-09-29 00:00:00,107
2020-09-30 00:00:00,133
2020-10-01 00:00:00,133
2020-10-02 00:00:00,128
2020-10-03 00:00:00,95
2020-10-04 00:00:00,74
2020-10-05 00:00:00,145
2020-10-06 00:00:00,130
2020-10-07 00:00:00,133
2020-10-08 00:00:00,134
2020-10-09 00:00:00,121
2020-10-10 00:00:00,106
2020-10-11 00:00:00,82
2020-10-12 00:00:00,100
2020-10-13 00:00:00,163
2020-10-14 00:00:00,149
2020-10-15 00:00:00,154
2020-10-16 00:00:00,140
2020-10-17 00:00:00,113
2020-10-18 00:00:00,74
2020-10-19 00:00:00,138
2020-10-20 00:00:00,153
2020-10-21 00:00:00,139
2020-10-22 00:00:00,123
2020-10-23 00:00:00,127
2020-10-24 00:00:00,111
2020-10-25 00:00:00,88
2020-10-26 00:00:00,142
2020-10-27 00:00:00,145
2020-10-28 00:00:00,120
2020-10-29 00:00:00,128
2020-10-30 00:00:00,132
2020-10-31 00:00:00,81
2020-11-01 00:00:00,83
2020-11-02 00:00:00,105
2020-11-03 00:00:00,142
2020-11-04 00:00:00,126
2020-11-05 00:00:00,129
2020-11-06 00:00:00,127
2020-11-07 00:00:00,113
2020-11-08 00:00:00,79
2020-11-09 00:00:00,155
2020-11-10 00:00:00,158
2020-11-11 00:00:00,147
2020-11-12 00:00:00,146
2020-11-13 00:00:00,127
2020-11-14 00:00:00,137
2020-11-15 00:00:00,105
2020-11-16 00:00:00,153
2020-11-17 00:00:00,133
2020-11-18 00:00:00,119
2020-11-19 00:00:00,158
2020-11-20 00:00:00,142
2020-11-21 00:00:00,122
2020-11-22 00:00:00,84
2020-11-23 00:00:00,133
2020-11-24 00:00:00,170
2020-11-25 00:00:00,131
2020-11-26 00:00:00,151
2020-11-27 00:00:00,155
2020-11-28 00:00:00,104
2020-11-29 00:00:00,67
2020-11-30 00:00:00,141
2020-12-01 00:00:00,154
2020-12-02 00:00:00,126
2020-12-03 00:00:00,136
2020-12-04 00:00:00,134
2020-12-05 00:00:00,81
2020-12-06 00:00:00,67
2020-12-07 00:00:00,150
2020-12-08 00:00:00,150
2020-12-09 00:00:00,129
2020-12-10 00:00:00,124
2020-12-11 00:00:00,117
2020-12-12 00:00:00,91
2020-12-13 00:00:00,71
2020-12-14 00:00:00,127
2020-12-15 00:00:00,125
2020-12-16 00:00:00,150
2020-12-17 00:00:00,153
2020-12-18 00:00:00,124
2020-12-19 00:00:00,87
2020-12-20 00:00:00,74
2020-12-21 00:00:00,160
2020-12-22 00:00:00,127
2020-12-23 00:00:00,140
2020-12-24 00:00:00,82
2020-12-25 00:00:00,60
2020-12-26 00:00:00,91
2020-12-27 00:00:00,74
2020-12-28 00:00:00,145
2020-12-29 00:00:00,127
2020-12-30 00:00:00,89
2020-12-31 00:00:00,78
