TEMPO,LAG1,LAG2,PANDEMIA,qtde_boletins,outlier,data,previstas
1,57.0,0.0,0,31,0,2016-01-02,30.546377057177466
2,31.0,57.0,0,29,0,2016-01-03,32.56155206400558
3,29.0,31.0,0,50,0,2016-01-04,24.227956882439898
4,50.0,29.0,0,46,0,2016-01-05,34.92751240317142
5,46.0,50.0,0,29,0,2016-01-06,38.663797510662675
6,29.0,46.0,0,36,0,2016-01-07,28.44499747179395
7,36.0,29.0,0,29,0,2016-01-08,27.44974643293115
8,29.0,36.0,0,30,0,2016-01-09,25.664266668011017
9,30.0,29.0,0,39,0,2016-01-10,24.250459158028132
10,39.0,30.0,0,37,0,2016-01-11,29.359624219336702
11,37.0,39.0,0,38,0,2016-01-12,30.812188631970884
12,38.0,37.0,0,25,0,2016-01-13,30.79640392115941
13,25.0,38.0,0,56,0,2016-01-14,24.118694727770688
14,56.0,25.0,0,47,0,2016-01-15,37.1002702060966
15,47.0,56.0,0,43,0,2016-01-16,40.95376585404493
16,43.0,47.0,0,47,0,2016-01-17,36.30191416650774
17,47.0,43.0,0,37,0,2016-01-18,37.33422137075915
18,37.0,47.0,0,43,0,2016-01-19,33.10262689160473
19,43.0,37.0,0,30,0,2016-01-20,33.52884076000475
20,30.0,43.0,0,42,0,2016-01-21,28.249154365787433
21,42.0,30.0,0,27,0,2016-01-22,31.051156624147506
22,27.0,42.0,0,65,1,2016-01-23,26.377563565781585
23,65.0,27.0,0,57,0,2016-01-24,42.55029900547898
24,57.0,65.0,0,40,0,2016-01-25,48.89679358384444
25,40.0,57.0,0,38,0,2016-01-26,37.55957530563859
26,38.0,40.0,0,36,0,2016-01-27,31.742421162581437
27,36.0,38.0,0,32,0,2016-01-28,30.119335417038513
28,32.0,36.0,0,36,0,2016-01-29,27.42471564834129
29,36.0,32.0,0,51,0,2016-01-30,28.457022852592708
30,51.0,36.0,0,66,0,2016-01-31,37.61960366286702
31,66.0,51.0,0,43,0,2016-02-01,49.85783463131843
32,43.0,66.0,0,43,0,2016-02-02,41.73691915983816
33,43.0,43.0,0,25,0,2016-02-03,35.313671680929616
34,25.0,43.0,0,22,0,2016-02-04,25.67752286982087
35,22.0,25.0,0,55,1,2016-02-05,19.044997155352288
36,55.0,22.0,0,34,0,2016-02-06,35.89415225517532
37,34.0,55.0,0,48,0,2016-02-07,33.87765288386642
38,48.0,34.0,0,41,0,2016-02-08,35.51435268670654
39,41.0,48.0,0,57,0,2016-02-09,35.68610484062638
40,57.0,41.0,0,52,0,2016-02-10,42.308802504300736
41,52.0,57.0,0,38,0,2016-02-11,44.11129780104344
42,38.0,52.0,0,27,0,2016-02-12,35.22019423707188
43,27.0,38.0,0,57,0,2016-02-13,25.41995066932323
44,57.0,27.0,0,34,0,2016-02-14,38.42496825574056
45,34.0,57.0,0,33,0,2016-02-15,34.498121181774515
46,33.0,34.0,0,36,0,2016-02-16,27.539106691288826
47,36.0,33.0,0,41,0,2016-02-17,28.874460563465934
48,41.0,36.0,0,31,0,2016-02-18,32.399766698134464
49,31.0,41.0,0,30,0,2016-02-19,28.447776778814323
50,30.0,31.0,0,47,0,2016-02-20,25.123621566174293
51,47.0,30.0,0,42,0,2016-02-21,33.9597136004315
52,42.0,47.0,0,32,0,2016-02-22,36.04181345700848
53,32.0,42.0,0,47,0,2016-02-23,29.29377793934552
54,47.0,32.0,0,35,0,2016-02-24,34.541894911939885
55,35.0,47.0,0,39,0,2016-02-25,32.314416567808266
56,39.0,35.0,0,42,0,2016-02-26,31.10988729338542
57,42.0,39.0,0,46,0,2016-02-27,33.843263964733936
58,46.0,42.0,0,39,0,2016-02-28,36.83280308782532
59,39.0,46.0,0,47,0,2016-02-29,34.208509643402344
60,47.0,39.0,0,44,0,2016-03-01,36.54507121445951
61,44.0,47.0,0,33,0,2016-03-02,37.18226405568225
62,33.0,44.0,0,54,0,2016-03-03,30.457670646110707
63,54.0,33.0,0,34,0,2016-03-04,38.64078512833369
64,34.0,54.0,0,34,0,2016-03-05,33.804798050590556
65,34.0,34.0,0,59,0,2016-03-06,28.22036425118486
66,59.0,34.0,0,53,0,2016-03-07,41.62219693789354
67,53.0,59.0,0,49,0,2016-03-08,45.405366261567636
68,49.0,53.0,0,31,0,2016-03-09,41.59232825353328
69,31.0,49.0,0,29,0,2016-03-10,30.837761203087407
70,29.0,31.0,0,60,1,2016-03-11,24.741002500195975
71,60.0,29.0,0,41,0,2016-03-12,40.79822813669899
72,41.0,60.0,0,35,0,2016-03-13,39.294053668875826
73,35.0,41.0,0,33,0,2016-03-14,30.774622359841516
74,33.0,35.0,0,46,0,2016-03-15,28.033118374961468
75,46.0,33.0,0,46,0,2016-03-16,34.446537803075785
76,46.0,46.0,0,27,0,2016-03-17,38.08905447820139
77,27.0,46.0,0,33,0,2016-03-18,27.917138655515494
78,33.0,27.0,0,63,1,2016-03-19,25.826911485406978
79,63.0,33.0,0,53,0,2016-03-20,43.5852065890071
80,53.0,63.0,0,35,0,2016-03-21,46.623330665544
81,35.0,53.0,0,26,0,2016-03-22,34.19113625609243
82,26.0,35.0,0,33,0,2016-03-23,24.34400847216095
83,33.0,26.0,0,44,0,2016-03-24,25.585593911972403
84,44.0,33.0,0,31,0,2016-03-25,33.443920355440966
85,31.0,44.0,0,55,0,2016-03-26,29.56225676039506
86,55.0,31.0,0,70,0,2016-03-27,38.79346315768093
87,70.0,55.0,0,43,0,2016-03-28,53.54813516464088
88,43.0,70.0,0,54,0,2016-03-29,43.28415164685201
89,54.0,43.0,0,41,0,2016-03-30,41.63592305595499
90,41.0,54.0,0,19,0,2016-03-31,37.75425946090908
91,19.0,41.0,0,43,0,2016-04-01,22.34018332564607
92,43.0,19.0,0,51,0,2016-04-02,29.054948684423398
93,51.0,43.0,0,81,1,2016-04-03,40.0592516103433
94,81.0,51.0,0,33,0,2016-04-04,58.37675583361198
95,33.0,81.0,0,40,0,2016-04-05,41.055733470217206
96,40.0,33.0,0,30,0,2016-04-06,31.392741076491664
97,30.0,40.0,0,42,0,2016-04-07,27.999960276840078
98,42.0,30.0,0,36,0,2016-04-08,31.640776214702996
99,36.0,42.0,0,51,0,2016-04-09,31.789086260531427
100,51.0,36.0,0,59,0,2016-04-10,38.15562147246292
101,59.0,51.0,0,31,0,2016-04-11,46.64348335987428
102,31.0,59.0,0,20,0,2016-04-12,33.88650091166829
103,20.0,31.0,0,44,0,2016-04-13,20.1717935062397
104,44.0,20.0,0,42,0,2016-04-14,29.962209023194127
105,42.0,44.0,0,45,0,2016-04-15,35.60884183334253
106,45.0,42.0,0,35,0,2016-04-16,36.664591145685364
107,35.0,45.0,0,58,0,2016-04-17,32.15339210669666
108,58.0,35.0,0,42,0,2016-04-18,41.687645171908216
109,42.0,58.0,0,24,0,2016-04-19,39.55393526014224
110,24.0,42.0,0,43,0,2016-04-20,25.444113491684988
111,43.0,24.0,0,53,0,2016-04-21,30.598462031913694
112,53.0,43.0,0,43,0,2016-04-22,41.276276181816485
113,43.0,53.0,0,55,0,2016-04-23,38.72230906166775
114,55.0,43.0,0,59,0,2016-04-24,42.36312499953067
115,59.0,55.0,0,37,0,2016-04-25,47.86910516113059
116,37.0,59.0,0,36,0,2016-04-26,37.20830654305037
117,36.0,37.0,0,27,0,2016-04-27,30.528896612398963
118,27.0,36.0,0,25,0,2016-04-28,25.435046345650278
119,25.0,27.0,0,26,0,2016-04-29,21.85472868126738
120,26.0,25.0,0,18,0,2016-04-30,21.838943970455908
121,18.0,26.0,0,46,0,2016-05-01,17.840069834952935
122,46.0,18.0,0,24,0,2016-05-02,30.612367077718808
123,24.0,46.0,0,32,0,2016-05-03,26.66207789566135
124,32.0,24.0,0,34,0,2016-05-04,24.80457106920429
125,34.0,32.0,0,22,0,2016-05-05,28.120598968312784
126,22.0,34.0,0,29,0,2016-05-06,22.258261346335495
127,29.0,22.0,0,61,1,2016-05-07,22.6610331066441
128,61.0,29.0,0,44,0,2016-05-08,41.7704667932328
129,44.0,61.0,0,27,0,2016-05-09,41.61743090839822
130,27.0,44.0,0,32,0,2016-05-10,27.763771591683827
131,32.0,27.0,0,20,0,2016-05-11,25.696986529666724
132,20.0,32.0,0,22,0,2016-05-12,20.673462587192283
133,22.0,20.0,0,10,0,2016-05-13,18.397399289615137
134,10.0,22.0,0,18,0,2016-05-14,12.535061667637851
135,18.0,10.0,0,47,1,2016-05-15,13.473600439523606
136,47.0,18.0,0,43,0,2016-05-16,31.25533765121514
137,43.0,47.0,0,41,0,2016-05-17,37.228459237380655
138,41.0,43.0,0,29,0,2016-05-18,35.04616437216917
139,29.0,41.0,0,30,0,2016-05-19,28.065408510854752
140,30.0,29.0,0,24,0,2016-05-20,25.253578201700464
141,24.0,30.0,0,48,0,2016-05-21,22.32623808935179
142,48.0,24.0,0,40,0,2016-05-22,33.51467640547763
143,40.0,48.0,0,41,0,2016-05-23,35.946707146163135
144,41.0,40.0,0,34,0,2016-05-24,34.25329507634597
145,34.0,41.0,0,33,0,2016-05-25,30.79018795242015
146,33.0,34.0,0,35,0,2016-05-26,28.304846419282967
147,35.0,33.0,0,26,0,2016-05-27,29.10443327988293
148,26.0,35.0,0,17,0,2016-05-28,24.849396692637086
149,17.0,26.0,0,46,0,2016-05-29,17.51870994721415
150,46.0,17.0,0,26,0,2016-05-30,30.54716964172289
151,26.0,46.0,0,26,0,2016-05-31,27.94801904265401
152,26.0,26.0,0,27,0,2016-06-01,22.363585243248316
153,27.0,26.0,0,34,0,2016-06-02,22.90700965210541
154,34.0,27.0,0,36,0,2016-06-03,26.94464069025968
155,36.0,34.0,0,31,0,2016-06-04,29.98106402953389
156,31.0,36.0,0,52,0,2016-06-05,27.86909548859665
157,52.0,31.0,0,33,0,2016-06-06,37.72983732982532
158,33.0,52.0,0,24,0,2016-06-07,33.42961726365934
159,24.0,33.0,0,18,0,2016-06-08,23.30288491989358
160,18.0,24.0,0,20,0,2016-06-09,17.579499209202087
161,20.0,18.0,0,30,0,2016-06-10,16.98106327063064
162,30.0,20.0,0,48,0,2016-06-11,22.905599903350637
163,48.0,30.0,0,30,0,2016-06-12,35.35310910736209
164,30.0,48.0,0,53,0,2016-06-13,30.74984237327041
165,53.0,30.0,0,36,0,2016-06-14,38.04725895980772
166,36.0,53.0,0,27,0,2016-06-15,35.3777820364646
167,27.0,36.0,0,27,0,2016-06-16,25.810258812367408
168,27.0,27.0,0,36,0,2016-06-17,23.30147517113881
169,36.0,27.0,0,33,0,2016-06-18,28.1310356726131
170,33.0,36.0,0,26,0,2016-06-19,29.047833073670127
171,26.0,33.0,0,17,0,2016-06-20,24.46630771040718
172,17.0,26.0,0,22,0,2016-06-21,17.6948300846528
173,22.0,17.0,0,20,0,2016-06-22,17.864881501309952
174,20.0,22.0,0,40,0,2016-06-23,18.199027674607002
175,40.0,20.0,0,31,0,2016-06-24,28.362816183761375
176,31.0,40.0,0,29,0,2016-06-25,29.140661673532605
177,29.0,31.0,0,38,0,2016-06-26,25.56034400914971
178,38.0,29.0,0,31,0,2016-06-27,29.830695390955434
179,31.0,38.0,0,35,0,2016-06-28,28.604424745703867
180,35.0,31.0,0,37,0,2016-06-29,28.797918270452435
181,37.0,35.0,0,40,0,2016-06-30,30.9955279302238
182,40.0,37.0,0,21,0,2016-07-01,33.16969548190376
183,21.0,40.0,0,45,0,2016-07-02,23.836593338720697
184,45.0,21.0,0,35,0,2016-07-03,31.390172377000873
185,35.0,45.0,0,39,0,2016-07-04,32.750669094532086
186,39.0,35.0,0,24,0,2016-07-05,32.105348939777805
187,24.0,39.0,0,19,0,2016-07-06,25.194919402737632
188,19.0,24.0,0,54,1,2016-07-07,18.329673344617596
189,54.0,19.0,0,22,0,2016-07-08,35.69115334792637
190,22.0,54.0,0,39,0,2016-07-09,28.34042596893738
191,39.0,22.0,0,42,0,2016-07-10,28.508776648331853
192,42.0,39.0,0,40,0,2016-07-11,34.87701259752603
193,40.0,42.0,0,27,0,2016-07-12,34.651949651154524
194,27.0,40.0,0,39,0,2016-07-13,27.135426778262953
195,39.0,27.0,0,32,0,2016-07-14,29.937429036623026
196,32.0,39.0,0,26,0,2016-07-15,29.5499720708743
197,26.0,32.0,0,34,0,2016-07-16,24.385795479851375
198,34.0,26.0,0,41,0,2016-07-17,27.001961610742818
199,41.0,34.0,0,44,0,2016-07-18,32.996824567737065
200,44.0,41.0,0,36,0,2016-07-19,36.56901491858842
201,36.0,44.0,0,29,0,2016-07-20,33.129349902754015
202,29.0,36.0,0,26,0,2016-07-21,27.149801740319653
203,26.0,29.0,0,37,0,2016-07-22,23.592926184028176
204,37.0,26.0,0,26,0,2016-07-23,28.655207029153917
205,26.0,37.0,0,37,0,2016-07-24,25.845077457262313
206,37.0,26.0,0,35,0,2016-07-25,28.6705218237138
207,35.0,37.0,0,38,0,2016-07-26,30.682295356016542
208,38.0,35.0,0,31,0,2016-07-27,31.73804466835937
209,31.0,38.0,0,29,0,2016-07-28,28.834146664102107
210,29.0,31.0,0,25,0,2016-07-29,25.813038119387777
211,25.0,29.0,0,31,0,2016-07-30,23.118418350690558
212,31.0,25.0,0,50,0,2016-07-31,25.22225957809627
213,50.0,31.0,0,51,0,2016-08-01,37.08711755434774
214,51.0,50.0,0,23,0,2016-08-02,42.94302860005619
215,23.0,51.0,0,32,0,2016-08-03,28.228814233010226
216,32.0,23.0,0,21,0,2016-08-04,25.22944705912462
217,21.0,32.0,0,37,0,2016-08-05,21.86010836756445
218,37.0,21.0,0,46,0,2016-08-06,27.364387791901688
219,46.0,37.0,0,54,0,2016-08-07,36.66762125072448
220,54.0,46.0,0,29,0,2016-08-08,43.47785577913016
221,29.0,54.0,0,21,0,2016-08-09,32.32817436565561
222,21.0,29.0,0,41,0,2016-08-10,21.059581674461313
223,41.0,21.0,0,33,0,2016-08-11,29.54574282460999
224,33.0,41.0,0,40,0,2016-08-12,30.859355325958376
225,40.0,33.0,0,53,0,2016-08-13,32.38054532560411
226,53.0,40.0,0,62,0,2016-08-14,41.310405792226966
227,62.0,53.0,0,38,0,2016-08-15,49.77482557154692
228,38.0,62.0,0,30,0,2016-08-16,39.440515729483806
229,30.0,38.0,0,27,0,2016-08-17,28.45152759812379
230,27.0,30.0,0,23,0,2016-08-18,24.615047481998026
231,23.0,27.0,0,25,0,2016-08-19,21.64082315346652
232,25.0,23.0,0,38,0,2016-08-20,21.601596334563638
233,38.0,25.0,0,25,0,2016-08-21,29.133434002015086
234,25.0,38.0,0,41,0,2016-08-22,25.810979526637748
235,41.0,25.0,0,20,0,2016-08-23,30.756049831306417
236,20.0,41.0,0,23,0,2016-08-24,23.98627294281473
237,23.0,20.0,0,38,0,2016-08-25,19.7295356183062
238,38.0,23.0,0,28,0,2016-08-26,28.612511868746232
239,28.0,38.0,0,58,0,2016-08-27,27.456567547768902
240,58.0,28.0,0,33,0,2016-08-28,40.74118969402051
241,33.0,58.0,0,33,0,2016-08-29,35.742808596900176
242,33.0,33.0,0,31,0,2016-08-30,28.760351998323067
243,31.0,33.0,0,42,0,2016-08-31,27.69647537244871
244,42.0,31.0,0,36,0,2016-09-01,33.03836077740873
245,36.0,42.0,0,29,0,2016-09-02,32.907066263402875
246,29.0,36.0,0,41,0,2016-09-03,27.48672722063708
247,41.0,29.0,0,36,0,2016-09-04,31.96635683800284
248,36.0,41.0,0,49,0,2016-09-05,32.65043389540842
249,49.0,36.0,0,33,0,2016-09-06,38.225039644019894
250,33.0,49.0,0,41,0,2016-09-07,33.29528413391111
251,41.0,33.0,0,46,0,2016-09-08,33.11540466645973
252,46.0,41.0,0,21,0,2016-09-09,38.03873360029968
253,21.0,46.0,0,38,0,2016-09-10,26.05023850732229
254,38.0,21.0,0,47,0,2016-09-11,28.17582110555673
255,47.0,38.0,0,60,0,2016-09-12,37.75865912421381
256,60.0,47.0,0,40,0,2016-09-13,47.24772871050523
257,40.0,60.0,0,34,0,2016-09-14,40.174905154087845
258,34.0,40.0,0,32,0,2016-09-15,31.375869285219252
259,32.0,34.0,0,26,0,2016-09-16,28.634365300339205
260,26.0,32.0,0,29,0,2016-09-17,24.868211508487683
261,29.0,26.0,0,70,1,2016-09-18,24.805542581493384
262,70.0,29.0,0,27,0,2016-09-19,47.6184611329393
263,27.0,70.0,0,44,0,2016-09-20,36.05192398560737
264,44.0,27.0,0,39,0,2016-09-21,33.144624506824734
265,39.0,44.0,0,31,0,2016-09-22,35.226724363401715
266,31.0,39.0,0,39,0,2016-09-23,29.55022286889305
267,39.0,31.0,0,51,0,2016-09-24,31.607179880115936
268,51.0,39.0,0,64,0,2016-09-25,40.280877894995925
269,64.0,51.0,0,43,0,2016-09-26,50.608761160790195
270,43.0,64.0,0,32,0,2016-09-27,43.000170592795655
271,32.0,43.0,0,24,0,2016-09-28,31.242695106207037
272,24.0,32.0,0,30,0,2016-09-29,23.888566252692684
273,30.0,24.0,0,27,0,2016-09-30,24.873989240761265
274,27.0,30.0,0,50,0,2016-10-01,24.951972962315452
275,50.0,27.0,0,32,0,2016-10-02,36.44345794636698
276,32.0,50.0,0,33,0,2016-10-03,33.238214011446715
277,33.0,32.0,0,26,0,2016-10-04,28.748756343286736
278,26.0,33.0,0,45,0,2016-10-05,25.285649219360913
279,45.0,26.0,0,48,0,2016-10-06,33.51564791776672
280,48.0,45.0,0,28,0,2016-10-07,40.443092986629466
281,28.0,48.0,0,39,0,2016-10-08,30.57422383186926
282,39.0,28.0,0,44,0,2016-10-09,30.883227159812215
283,44.0,39.0,0,31,0,2016-10-10,36.645369773155
284,31.0,44.0,0,23,0,2016-10-11,31.086078819103406
285,23.0,31.0,0,50,0,2016-10-12,23.172740845920487
286,50.0,23.0,0,33,0,2016-10-13,35.40927107710921
287,33.0,50.0,0,22,0,2016-10-14,33.85821239310322
288,22.0,33.0,0,28,0,2016-10-15,23.219155145851726
289,28.0,22.0,0,33,0,2016-10-16,23.365764454417466
290,33.0,28.0,0,15,0,2016-10-17,27.729884268588847
291,15.0,33.0,0,14,0,2016-10-18,19.491758256651504
292,14.0,15.0,0,8,0,2016-10-19,13.930766565337223
293,8.0,14.0,0,17,0,2016-10-20,10.444217333319987
294,17.0,8.0,0,14,0,2016-10-21,13.596150475788583
295,14.0,17.0,0,27,0,2016-10-22,14.512947876845612
296,27.0,14.0,0,28,0,2016-10-23,20.646762745125653
297,28.0,27.0,0,11,0,2016-10-24,24.825046431828405
298,11.0,28.0,0,8,0,2016-10-25,16.004269192131087
299,8.0,11.0,0,14,0,2016-10-26,9.651348037496788
300,14.0,8.0,0,15,0,2016-10-27,12.03479382473678
301,15.0,14.0,0,19,0,2016-10-28,14.255845592599563
302,19.0,15.0,0,17,0,2016-10-29,16.686175596022387
303,17.0,19.0,0,29,0,2016-10-30,16.740717209485155
304,29.0,17.0,0,30,0,2016-10-31,22.61836962602233
305,30.0,29.0,0,30,0,2016-11-01,26.5170487528908
306,30.0,30.0,0,37,0,2016-11-02,26.804310710005026
307,37.0,30.0,0,25,0,2016-11-03,30.562337188325014
308,25.0,37.0,0,36,0,2016-11-04,26.098022365519135
309,36.0,25.0,0,94,1,2016-11-05,28.643862172136338
310,94.0,36.0,0,54,0,2016-11-06,62.80165639906805
311,54.0,94.0,0,45,0,2016-11-07,57.59569780365036
312,45.0,54.0,0,29,0,2016-11-08,41.59726970336468
313,29.0,45.0,0,33,0,2016-11-09,30.51621387690169
314,33.0,29.0,0,39,0,2016-11-10,28.193266363141724
315,39.0,33.0,0,49,0,2016-11-11,32.53394406922169
316,49.0,39.0,0,35,0,2016-11-12,39.57689894127881
317,35.0,49.0,0,43,0,2016-11-13,34.87986377482149
318,43.0,35.0,0,29,0,2016-11-14,35.259193427038674
319,29.0,43.0,0,64,1,2016-11-15,30.002949140912776
320,64.0,29.0,0,31,0,2016-11-16,44.84798810571301
321,31.0,64.0,0,46,0,2016-11-17,36.96149371514688
322,46.0,31.0,0,51,0,2016-11-18,35.77870581155276
323,51.0,46.0,0,52,0,2016-11-19,42.65926666423268
324,52.0,51.0,0,40,0,2016-11-20,44.60071387226118
325,40.0,52.0,0,54,0,2016-11-21,38.45877169044961
326,54.0,40.0,0,34,0,2016-11-22,42.61191253179826
327,34.0,54.0,0,32,0,2016-11-23,35.81869353521516
328,32.0,34.0,0,55,0,2016-11-24,29.162725712655163
329,55.0,32.0,0,55,0,2016-11-25,40.93381525654098
330,55.0,55.0,0,45,0,2016-11-26,47.3723775300094
331,45.0,55.0,0,66,0,2016-11-27,42.022364811517846
332,66.0,45.0,0,34,0,2016-11-28,50.48508385357511
333,34.0,66.0,0,38,0,2016-11-29,39.21989263690619
334,38.0,34.0,0,28,0,2016-11-30,32.42327216579771
335,28.0,38.0,0,29,0,2016-12-01,28.19167768664328
336,29.0,28.0,0,43,0,2016-12-02,25.93905649715755
337,43.0,29.0,0,48,0,2016-12-03,33.727056616351874
338,48.0,43.0,0,62,0,2016-12-04,40.328012909197504
339,62.0,48.0,0,56,0,2016-12-05,49.23443126772895
340,56.0,62.0,0,62,0,2016-12-06,49.94195043322594
341,62.0,56.0,0,49,0,2016-12-07,51.486582540963084
342,49.0,62.0,0,33,0,2016-12-08,46.20689614674578
343,33.0,49.0,0,36,0,2016-12-09,34.00742208094566
344,36.0,33.0,0,61,0,2016-12-10,31.148707555608542
345,61.0,36.0,0,82,1,2016-12-11,45.38935392182007
346,82.0,61.0,0,37,0,2016-12-12,63.63823255807719
347,37.0,82.0,0,51,0,2016-12-13,45.40807019090533
348,51.0,37.0,0,36,0,2016-12-14,40.33426055772268
349,36.0,51.0,0,30,0,2016-12-15,36.21987661902533
350,30.0,36.0,0,28,0,2016-12-16,28.81886354932814
351,28.0,30.0,0,48,0,2016-12-17,26.077359564448088
352,48.0,28.0,0,58,0,2016-12-18,36.24114807360246
353,58.0,48.0,0,43,0,2016-12-19,47.19856678333953
354,43.0,58.0,0,28,0,2016-12-20,41.96576460530505
355,28.0,43.0,0,37,0,2016-12-21,29.74284843141352
356,37.0,28.0,0,34,0,2016-12-22,30.37834053537358
357,34.0,37.0,0,49,0,2016-12-23,31.29513793643061
358,49.0,34.0,0,31,0,2016-12-24,38.50048682786495
359,31.0,49.0,0,78,1,2016-12-25,33.05840641427042
360,78.0,31.0,0,45,0,2016-12-26,53.21423127865933
361,45.0,78.0,0,41,0,2016-12-27,48.68299160610458
362,41.0,45.0,0,57,0,2016-12-28,37.320630482544615
363,57.0,41.0,0,45,0,2016-12-29,44.78214182572182
364,45.0,57.0,0,32,0,2016-12-30,42.83426804142448
365,32.0,45.0,0,21,0,2016-12-31,32.521699570190094
366,21.0,32.0,0,53,0,2017-01-01,23.001060562275725
367,53.0,21.0,0,27,0,2017-01-02,37.077612171847356
368,27.0,53.0,0,58,0,2017-01-03,32.10267318281843
369,58.0,27.0,0,51,0,2017-01-04,41.44938938329868
370,51.0,58.0,0,52,0,2017-01-05,46.374419054401315
371,52.0,51.0,0,37,0,2017-01-06,44.96061154441843
372,37.0,52.0,0,58,0,2017-01-07,37.211368327875405
373,58.0,37.0,0,47,0,2017-01-08,44.276064570761264
374,47.0,58.0,0,41,0,2017-01-09,44.26198059721248
375,41.0,47.0,0,40,0,2017-01-10,37.97938576685242
376,40.0,41.0,0,43,0,2017-01-11,35.773648793549526
377,43.0,40.0,0,38,0,2017-01-12,37.10900266572663
378,38.0,43.0,0,42,0,2017-01-13,35.27663868462367
379,42.0,38.0,0,60,0,2017-01-14,36.0293413290408
380,60.0,42.0,0,64,0,2017-01-15,46.79922317404656
381,64.0,60.0,0,39,0,2017-01-16,53.98283069465217
382,39.0,64.0,0,56,0,2017-01-17,41.71473104184051
383,56.0,39.0,0,46,0,2017-01-18,43.84031364007494
384,46.0,56.0,0,52,0,2017-01-19,43.24357843876618
385,52.0,46.0,0,48,0,2017-01-20,43.6697923071662
386,48.0,52.0,0,68,0,2017-01-21,43.21200901714323
387,68.0,48.0,0,55,0,2017-01-22,52.81658840662904
388,55.0,68.0,0,56,0,2017-01-23,51.451365850091676
389,56.0,55.0,0,51,0,2017-01-24,48.3599309811031
390,51.0,56.0,0,43,0,2017-01-25,45.968357880331574
391,43.0,51.0,0,45,0,2017-01-26,40.29185638582291
392,45.0,43.0,0,45,0,2017-01-27,39.134211327582896
393,45.0,45.0,0,64,0,2017-01-28,39.7010778445314
394,64.0,45.0,0,49,0,2017-01-29,49.888308461777186
395,49.0,64.0,0,40,0,2017-01-30,47.17194732225124
396,40.0,49.0,0,37,0,2017-01-31,38.16363321782261
397,37.0,40.0,0,41,0,2017-02-01,34.04754854186256
398,41.0,37.0,0,65,0,2017-02-02,35.359460305948254
399,65.0,41.0,0,45,0,2017-02-03,49.343944220416915
400,45.0,65.0,0,47,0,2017-02-04,45.34677082217662
401,47.0,45.0,0,68,0,2017-02-05,40.833871045925235
402,68.0,47.0,0,27,0,2017-02-06,52.651844805993875
403,27.0,68.0,0,47,0,2017-02-07,36.56475048513061
404,47.0,27.0,0,58,0,2017-02-08,35.823961160747984
405,58.0,47.0,0,59,0,2017-02-09,47.317146882062204
406,59.0,58.0,0,48,0,2017-02-10,50.936221449096394
407,48.0,59.0,0,80,1,2017-02-11,45.33004627886197
408,80.0,48.0,0,45,0,2017-02-12,59.40659788843361
409,45.0,80.0,0,53,0,2017-02-13,49.60975579521033
410,53.0,45.0,0,53,0,2017-02-14,44.1173896909076
411,53.0,53.0,0,34,0,2017-02-15,46.3618835668618
412,34.0,53.0,0,29,0,2017-02-16,36.1899677441759
413,29.0,34.0,0,41,0,2017-02-17,28.206303446718735
414,41.0,29.0,0,66,0,2017-02-18,33.24514218375306
415,66.0,41.0,0,69,0,2017-02-19,50.00222958847313
416,69.0,66.0,0,47,0,2017-02-20,58.60730201634156
417,47.0,69.0,0,52,0,2017-02-21,47.66689883842706
418,52.0,47.0,0,40,0,2017-02-22,44.20209097723855
419,40.0,52.0,0,33,0,2017-02-23,39.1785670347641
420,33.0,40.0,0,31,0,2017-02-24,32.08060063299261
421,31.0,33.0,0,45,0,2017-02-25,29.059492088278283
422,45.0,31.0,0,49,0,2017-02-26,36.00867852796976
423,49.0,45.0,0,33,0,2017-02-27,42.073867809238244
424,33.0,49.0,0,40,0,2017-02-28,34.627671260620914
425,40.0,33.0,0,54,0,2017-03-01,33.9120247815924
426,54.0,40.0,0,60,0,2017-03-02,43.377652259792406
427,60.0,54.0,0,30,0,2017-03-03,50.514375564215186
428,30.0,60.0,0,80,1,2017-03-04,36.12664997318633
429,80.0,30.0,0,105,1,2017-03-05,54.534521154295305
430,105.0,80.0,0,47,1,2017-03-06,81.91658183271807
431,47.0,105.0,0,27,1,2017-03-07,57.83986655438038
432,27.0,47.0,0,41,0,2017-03-08,30.91511924972899
433,41.0,27.0,0,34,0,2017-03-09,32.831423612403384
434,34.0,41.0,0,54,0,2017-03-10,33.003175766323224
435,54.0,34.0,0,70,0,2017-03-11,41.76894147630619
436,70.0,54.0,0,70,0,2017-03-12,55.940962255506165
437,70.0,70.0,0,31,0,2017-03-13,60.42229261013461
438,31.0,70.0,0,53,0,2017-03-14,39.53503655590572
439,53.0,31.0,0,48,0,2017-03-15,40.42499037434596
440,48.0,53.0,0,34,0,2017-03-16,43.905113030094356
441,34.0,48.0,0,30,0,2017-03-17,35.014009466122786
442,30.0,34.0,0,49,0,2017-03-18,28.96413497941419
443,49.0,30.0,0,41,0,2017-03-19,38.03294735732284
444,41.0,49.0,0,41,0,2017-03-20,39.066955298836945
445,41.0,41.0,0,27,0,2017-03-21,36.83777621744263
446,27.0,41.0,0,35,0,2017-03-22,29.344695452642476
447,35.0,27.0,0,55,0,2017-03-23,29.72402510485967
448,55.0,35.0,0,49,0,2017-03-24,42.68385921235686
449,49.0,55.0,0,74,0,2017-03-25,45.06900573685954
450,74.0,49.0,0,57,0,2017-03-26,56.79321106456253
451,57.0,74.0,0,47,0,2017-03-27,54.68294326088797
452,47.0,57.0,0,33,0,2017-03-28,44.57965302521363
453,33.0,47.0,0,50,0,2017-03-29,34.29052666207066
454,50.0,33.0,0,20,0,2017-03-30,39.4917594184822
455,20.0,50.0,0,26,0,2017-03-31,28.17968398563044
456,26.0,20.0,0,22,0,2017-04-01,23.013806657344823
457,22.0,26.0,0,40,0,2017-04-02,22.556023367321856
458,40.0,22.0,0,48,0,2017-04-03,31.089068733653367
459,48.0,40.0,0,30,0,2017-04-04,40.415744300567574
460,30.0,48.0,0,44,0,2017-04-05,33.01643196813308
461,44.0,30.0,0,24,0,2017-04-06,35.49194545047604
462,24.0,44.0,0,46,0,2017-04-07,28.698726453892938
463,46.0,24.0,0,36,0,2017-04-08,34.90116690918453
464,36.0,46.0,0,61,0,2017-04-09,35.70245450704718
465,61.0,36.0,0,57,0,2017-04-10,46.30824159541304
466,57.0,61.0,0,41,0,2017-04-11,51.16294494224143
467,41.0,57.0,0,26,0,2017-04-12,41.47991191494985
468,26.0,41.0,0,54,0,2017-04-13,28.977391181224043
469,54.0,26.0,0,53,0,2017-04-14,39.79245650514994
470,53.0,54.0,0,70,0,2017-04-15,47.09327456621263
471,70.0,53.0,0,76,0,2017-04-16,55.929366600469834
472,76.0,70.0,0,40,0,2017-04-17,63.904903584395456
473,40.0,76.0,0,51,0,2017-04-18,46.3025759239037
474,51.0,40.0,0,27,0,2017-04-19,42.13790629449815
475,27.0,51.0,0,45,0,2017-04-20,32.362805572103596
476,45.0,27.0,0,45,0,2017-04-21,35.30375974174947
477,45.0,45.0,0,54,0,2017-04-22,40.34429921604648
478,54.0,45.0,0,56,0,2017-04-23,45.17385971752077
479,56.0,54.0,0,60,0,2017-04-24,48.769492176463544
480,60.0,56.0,0,28,0,2017-04-25,51.47942673972065
481,28.0,60.0,0,29,0,2017-04-26,35.46095800586893
482,29.0,28.0,0,31,0,2017-04-27,27.057036500029007
483,31.0,29.0,0,43,0,2017-04-28,28.415832480297528
484,43.0,31.0,0,18,0,2017-04-29,35.41190313617183
485,18.0,43.0,0,56,0,2017-04-30,25.38063996203441
486,56.0,18.0,0,45,0,2017-05-01,38.75732980338899
487,45.0,56.0,0,59,0,2017-05-02,43.496523347023
488,59.0,45.0,0,50,0,2017-05-03,47.92926874820593
489,50.0,59.0,0,25,0,2017-05-04,47.02948687897147
490,25.0,50.0,0,35,0,2017-05-05,31.12652794831414
491,35.0,25.0,0,53,0,2017-05-06,29.50174146550853
492,53.0,35.0,0,70,0,2017-05-07,41.949250669519984
493,70.0,53.0,0,47,0,2017-05-08,56.097829340628536
494,47.0,70.0,0,37,0,2017-05-09,48.53612298881683
495,37.0,47.0,0,46,0,2017-05-10,36.755205394136794
496,46.0,37.0,0,44,0,2017-05-11,38.78872029726826
497,44.0,46.0,0,34,0,2017-05-12,40.241284709902445
498,34.0,44.0,0,55,0,2017-05-13,34.33206287174232
499,55.0,34.0,0,61,0,2017-05-14,42.79478191379959
500,61.0,55.0,0,38,0,2017-05-15,51.88873713706235
501,38.0,61.0,0,23,0,2017-05-16,41.251380627073544
502,23.0,38.0,0,32,0,2017-05-17,26.791627974507755
503,32.0,23.0,0,29,0,2017-05-18,27.427120078467816
504,29.0,32.0,0,28,0,2017-05-19,28.343917479524844
505,28.0,29.0,0,44,0,2017-05-20,26.97699418572479
506,44.0,28.0,0,40,0,2017-05-21,35.27731920840484
507,40.0,44.0,0,50,0,2017-05-22,37.6155815167247
508,50.0,40.0,0,30,0,2017-05-23,41.862490790439004
509,30.0,50.0,0,41,0,2017-05-24,33.95085355451877
510,41.0,30.0,0,36,0,2017-05-25,34.25985688246172
511,36.0,41.0,0,37,0,2017-05-26,34.66432938003302
512,37.0,36.0,0,86,1,2017-05-27,33.8097309897187
513,86.0,37.0,0,54,0,2017-05-28,60.34957651411325
514,54.0,86.0,0,62,0,2017-05-29,56.91331297280422
515,62.0,54.0,0,40,0,2017-05-30,52.25976054800434
516,40.0,62.0,0,43,0,2017-05-31,42.71738016926125
517,43.0,40.0,0,37,0,2017-06-01,38.18103828491843
518,37.0,43.0,0,41,0,2017-06-02,35.81290729223832
519,41.0,37.0,0,59,0,2017-06-03,36.286005376821166
520,59.0,41.0,0,52,0,2017-06-04,47.05588722182693
521,52.0,59.0,0,45,0,2017-06-05,48.3460576150839
522,45.0,52.0,0,39,0,2017-06-06,42.64611401248382
523,39.0,45.0,0,51,0,2017-06-07,37.48193742146089
524,51.0,39.0,0,39,0,2017-06-08,42.24117159866094
525,39.0,51.0,0,42,0,2017-06-09,39.174879575026466
526,42.0,39.0,0,68,0,2017-06-10,37.43458328902647
527,68.0,42.0,0,67,0,2017-06-11,52.21099666681515
528,67.0,68.0,0,39,0,2017-06-12,58.95260560820927
529,39.0,67.0,0,52,0,2017-06-13,43.67918212149475
530,52.0,39.0,0,53,0,2017-06-14,42.82288299391774
531,53.0,52.0,0,47,0,2017-06-15,47.00116668062049
532,47.0,53.0,0,38,0,2017-06-16,44.07382656827181
533,38.0,47.0,0,36,0,2017-06-17,37.58195350235172
534,36.0,38.0,0,88,1,2017-06-18,34.00163583796883
535,88.0,36.0,0,32,0,2017-06-19,61.30996871759198
536,32.0,88.0,0,38,0,2017-06-20,45.85411057793421
537,38.0,32.0,0,49,0,2017-06-21,33.41851469395726
538,49.0,38.0,0,47,0,2017-06-22,40.997236577591536
539,47.0,49.0,0,30,0,2017-06-23,43.00901010989428
540,30.0,47.0,0,32,0,2017-06-24,33.349419190694114
541,32.0,30.0,0,43,0,2017-06-25,29.67533309394556
542,43.0,32.0,0,53,0,2017-06-26,36.13563673824271
543,53.0,43.0,0,52,0,2017-06-27,44.57661440947125
544,52.0,53.0,0,42,0,2017-06-28,46.84455039351686
545,42.0,52.0,0,29,0,2017-06-29,41.21493311519102
546,29.0,42.0,0,44,0,2017-06-30,31.461573763625204
547,44.0,29.0,0,80,1,2017-07-01,35.87087705671672
548,80.0,44.0,0,73,0,2017-07-02,59.360215268288286
549,73.0,80.0,0,31,1,2017-07-03,65.68326773856232
550,31.0,73.0,0,27,0,2017-07-04,41.23147873076201
551,27.0,31.0,0,32,0,2017-07-05,27.35267656869351
552,32.0,27.0,0,24,0,2017-07-06,28.92075078452207
553,24.0,32.0,0,46,0,2017-07-07,26.04029488835623
554,46.0,24.0,0,53,0,2017-07-08,35.5979900616592
555,53.0,46.0,0,68,0,2017-07-09,45.5073168563334
556,68.0,53.0,0,51,0,2017-07-10,55.50871134611055
557,51.0,68.0,0,35,0,2017-07-11,50.602397944093184
558,35.0,51.0,0,44,0,2017-07-12,37.284505638955935
559,44.0,35.0,0,58,0,2017-07-13,37.64039318308171
560,58.0,44.0,0,39,0,2017-07-14,47.665229780950284
561,39.0,58.0,0,42,0,2017-07-15,41.407777795944334
562,42.0,39.0,0,62,0,2017-07-16,37.710249591104365
563,62.0,42.0,0,29,0,2017-07-17,49.272060899430144
564,29.0,62.0,0,27,0,2017-07-18,37.19149811134979
565,27.0,29.0,0,35,0,2017-07-19,26.90067101094413
566,35.0,27.0,0,26,0,2017-07-20,30.635255381172705
567,26.0,35.0,0,33,0,2017-07-21,28.057846152932555
568,33.0,26.0,0,31,0,2017-07-22,29.299431592744007
569,31.0,33.0,0,50,0,2017-07-23,30.19278688570962
570,50.0,31.0,0,59,0,2017-07-24,39.82080838328684
571,59.0,50.0,0,35,0,2017-07-25,49.96285552161248
572,35.0,59.0,0,38,0,2017-07-26,39.62854567954937
573,38.0,35.0,0,54,0,2017-07-27,34.532994675538
574,54.0,38.0,0,31,0,2017-07-28,43.95173793755518
575,31.0,54.0,0,43,0,2017-07-29,36.11042702590919
576,43.0,31.0,0,71,1,2017-07-30,36.116383685926436
577,71.0,43.0,0,43,0,2017-07-31,54.48077212537795
578,43.0,71.0,0,49,0,2017-08-01,47.315880873857594
579,49.0,43.0,0,25,0,2017-08-02,42.70921266524054
580,25.0,49.0,0,33,0,2017-08-03,31.536089143674587
581,33.0,25.0,0,43,0,2017-08-04,29.11937319754896
582,43.0,33.0,0,61,0,2017-08-05,36.72153718927465
583,61.0,43.0,0,76,0,2017-08-06,49.1690463932861
584,76.0,61.0,0,31,1,2017-08-07,62.24609104124036
585,31.0,76.0,0,28,0,2017-08-08,42.3383013150628
586,28.0,31.0,0,41,0,2017-08-09,28.156452485068613
587,41.0,28.0,0,30,0,2017-08-10,34.29026735334865
588,30.0,41.0,0,37,0,2017-08-11,32.03934690112561
589,37.0,30.0,0,43,0,2017-08-12,32.721723221268505
590,43.0,37.0,0,69,0,2017-08-13,37.90121460685131
591,69.0,43.0,0,22,1,2017-08-14,53.51644166414283
592,22.0,69.0,0,31,0,2017-08-15,35.612768072988075
593,31.0,22.0,0,39,0,2017-08-16,27.300914262251112
594,39.0,31.0,0,30,0,2017-08-17,34.11114879065679
595,30.0,39.0,0,27,0,2017-08-18,31.53373956241664
596,27.0,30.0,0,55,0,2017-08-19,27.417654886456596
597,55.0,27.0,0,45,0,2017-08-20,41.587974928393876
598,45.0,55.0,0,44,0,2017-08-21,44.06688988526221
599,44.0,45.0,0,46,0,2017-08-22,40.74273467262219
600,46.0,44.0,0,36,0,2017-08-23,41.54232153322215
601,36.0,46.0,0,29,0,2017-08-24,36.75151793439916
602,29.0,36.0,0,36,0,2017-08-25,30.212760652296232
603,36.0,29.0,0,61,0,2017-08-26,32.01355521177625
604,61.0,36.0,0,60,0,2017-08-27,47.3726198173249
605,60.0,61.0,0,49,0,2017-08-28,53.83462419888474
606,49.0,60.0,0,33,0,2017-08-29,47.66923990898175
607,33.0,49.0,0,47,0,2017-08-30,36.0289749628502
608,47.0,33.0,0,38,0,2017-08-31,39.06369756486173
609,38.0,47.0,0,51,0,2017-09-01,38.16391569562727
610,51.0,38.0,0,48,0,2017-09-02,42.62010320490162
611,48.0,51.0,0,64,0,2017-09-03,44.655318845295774
612,64.0,48.0,0,53,0,2017-09-04,52.396434748307264
613,53.0,64.0,0,33,0,2017-09-05,50.98432797558707
614,33.0,53.0,0,36,0,2017-09-06,37.20099498314692
615,36.0,33.0,0,51,0,2017-09-07,33.223862218472675
616,51.0,36.0,0,50,0,2017-09-08,42.106838468912706
617,50.0,51.0,0,64,0,2017-09-09,45.77279725212972
618,64.0,50.0,0,47,0,2017-09-10,53.00158825165548
619,47.0,64.0,0,45,0,2017-09-11,47.81567028980382
620,45.0,47.0,0,35,0,2017-09-12,41.998516146746674
621,35.0,45.0,0,45,0,2017-09-13,36.08929430858656
622,45.0,35.0,0,56,0,2017-09-14,38.65857622329517
623,56.0,45.0,0,44,0,2017-09-15,47.355716346266576
624,44.0,56.0,0,60,0,2017-09-16,44.009819762797825
625,60.0,44.0,0,78,0,2017-09-17,49.234494627300776
626,78.0,60.0,0,36,0,2017-09-18,63.35963119031793
627,36.0,78.0,0,56,0,2017-09-19,45.897956178374656
628,56.0,36.0,0,41,0,2017-09-20,44.87756229415775
629,41.0,56.0,0,43,0,2017-09-21,42.44080571446608
630,43.0,41.0,0,39,0,2017-09-22,39.32592873738609
631,39.0,43.0,0,51,0,2017-09-23,37.749727208026
632,51.0,39.0,0,60,0,2017-09-24,43.06817050489461
633,60.0,51.0,0,48,0,2017-09-25,51.25298572438028
634,48.0,60.0,0,39,0,2017-09-26,47.347880021242965
635,39.0,48.0,0,38,0,2017-09-27,39.17837959631718
636,38.0,39.0,0,24,0,2017-09-28,36.13382894351143
637,24.0,38.0,0,34,0,2017-09-29,28.361143618877
638,34.0,24.0,0,29,0,2017-09-30,29.81200729424849
639,29.0,34.0,0,59,0,2017-10-01,29.936875231985503
640,59.0,29.0,0,45,0,2017-10-02,44.61952017740852
641,45.0,59.0,0,37,0,2017-10-03,45.51457620763682
642,37.0,45.0,0,40,0,2017-10-04,37.321633674619626
643,40.0,37.0,0,29,0,2017-10-05,36.69975562795676
644,29.0,40.0,0,41,0,2017-10-06,31.6527895773909
645,41.0,29.0,0,29,0,2017-10-07,35.01400095541953
646,29.0,41.0,0,48,0,2017-10-08,31.947708931785066
647,48.0,29.0,0,34,0,2017-10-09,38.779684831019466
648,34.0,48.0,0,44,0,2017-10-10,36.59909070307067
649,44.0,34.0,0,34,0,2017-10-11,38.04995437844216
650,34.0,44.0,0,36,0,2017-10-12,35.495987258293425
651,36.0,34.0,0,57,0,2017-10-13,33.77913308038485
652,57.0,36.0,0,44,0,2017-10-14,45.59710684045349
653,44.0,57.0,0,45,0,2017-10-15,44.51148884375041
654,45.0,44.0,0,31,0,2017-10-16,41.420053974761835
655,31.0,45.0,0,48,0,2017-10-17,34.20657776979597
656,48.0,31.0,0,52,0,2017-10-18,39.407810526207506
657,52.0,48.0,0,46,0,2017-10-19,46.311813486978835
658,46.0,52.0,0,34,0,2017-10-20,44.22328705413301
659,34.0,46.0,0,52,0,2017-10-21,36.12411295348146
660,52.0,34.0,0,46,0,2017-10-22,42.420321841138716
661,46.0,52.0,0,51,0,2017-10-23,44.24625924597283
662,51.0,46.0,0,50,0,2017-10-24,45.25512434213283
663,50.0,51.0,0,54,0,2017-10-25,46.12503752700703
664,54.0,50.0,0,41,0,2017-10-26,47.99615841076129
665,41.0,54.0,0,20,0,2017-10-27,42.15726289687541
666,20.0,41.0,0,60,0,2017-10-28,27.27895377318955
667,60.0,20.0,0,54,0,2017-10-29,42.84559587703555
668,54.0,60.0,0,43,0,2017-10-30,50.82283359822387
669,43.0,54.0,0,67,0,2017-10-31,43.25942650914948
670,67.0,43.0,0,51,0,2017-11-01,53.04984202610391
671,51.0,67.0,0,48,0,2017-11-02,51.195736674172224
672,48.0,51.0,0,28,0,2017-11-03,45.122420079372205
673,28.0,48.0,0,33,0,2017-11-04,33.57592356560631
674,33.0,28.0,0,69,1,2017-11-05,30.67032482408636
675,69.0,33.0,0,43,0,2017-11-06,51.3636174373151
676,43.0,69.0,0,33,0,2017-11-07,47.507096687623296
677,33.0,43.0,0,48,0,2017-11-08,34.88736541344041
678,48.0,33.0,0,36,0,2017-11-09,40.13548238603478
679,36.0,48.0,0,36,0,2017-11-10,37.908004041903155
680,36.0,36.0,0,39,0,2017-11-11,34.56040672117172
681,39.0,36.0,0,65,0,2017-11-12,36.17536515318311
682,65.0,39.0,0,38,0,2017-11-13,50.95177853097178
683,38.0,65.0,0,29,0,2017-11-14,43.76344517136001
684,29.0,38.0,0,58,0,2017-11-15,31.399876348919996
685,58.0,29.0,0,45,0,2017-11-16,44.428336043428736
686,45.0,58.0,0,62,0,2017-11-17,45.57955452539991
687,62.0,45.0,0,51,0,2017-11-18,51.060391841645725
688,51.0,62.0,0,69,0,2017-11-19,49.927889628759814
689,69.0,51.0,0,49,0,2017-11-20,56.503703076251355
690,49.0,69.0,0,48,0,2017-11-21,50.82890231900537
691,48.0,49.0,0,51,0,2017-11-22,44.70870150802253
692,51.0,48.0,0,41,0,2017-11-23,46.04405538019964
693,41.0,51.0,0,41,0,2017-11-24,41.53285634121093
694,41.0,41.0,0,62,0,2017-11-25,38.744468140148044
695,62.0,41.0,0,41,0,2017-11-26,50.00323278054813
696,41.0,62.0,0,69,0,2017-11-27,44.631478691227855
697,69.0,41.0,0,52,0,2017-11-28,53.768916656148065
698,52.0,69.0,0,43,0,2017-11-29,52.49746253197635
699,43.0,52.0,0,40,0,2017-11-30,42.92993930787915
700,40.0,43.0,0,29,0,2017-12-01,38.813854631919114
701,29.0,40.0,0,66,1,2017-12-02,32.08926122234756
702,66.0,29.0,0,67,0,2017-12-03,48.84464788980494
703,67.0,66.0,0,51,0,2017-12-04,59.73344101253046
704,51.0,67.0,0,49,0,2017-12-05,51.44843078441029
705,49.0,51.0,0,30,0,2017-12-06,45.91088120118742
706,30.0,49.0,0,35,0,2017-12-07,35.17975625883295
707,35.0,30.0,0,44,0,2017-12-08,32.55376207714729
708,44.0,35.0,0,74,1,2017-12-09,38.78134537779299
709,74.0,44.0,0,73,0,2017-12-10,57.378454160895956
710,73.0,74.0,0,69,0,2017-12-11,65.2384813416272
711,69.0,73.0,0,41,0,2017-12-12,62.82346613276427
712,41.0,69.0,0,43,0,2017-12-13,46.711228966546884
713,43.0,41.0,0,41,0,2017-12-14,39.96149271162123
714,41.0,43.0,0,44,0,2017-12-15,39.45682520541544
715,44.0,41.0,0,61,0,2017-12-16,40.51257451775827
716,61.0,44.0,0,100,1,2017-12-17,50.4670847913526
717,100.0,61.0,0,57,0,2017-12-18,76.12293315732417
718,57.0,100.0,0,31,1,2017-12-19,63.99718689032367
719,31.0,57.0,0,22,0,2017-12-20,38.0519059137236
720,22.0,31.0,0,39,0,2017-12-21,25.96794165111787
721,39.0,22.0,0,42,0,2017-12-22,32.56719720670082
722,42.0,39.0,0,51,0,2017-12-23,38.935433155895
723,51.0,42.0,0,46,0,2017-12-24,44.60380733687213
724,46.0,51.0,0,46,0,2017-12-25,44.44907071477486
725,46.0,46.0,0,37,0,2017-12-26,43.05870531288339
726,37.0,46.0,0,33,0,2017-12-27,38.244459605968984
727,33.0,37.0,0,23,0,2017-12-28,33.592607918431796
728,23.0,33.0,0,26,0,2017-12-29,27.124176960603112
729,26.0,23.0,0,37,0,2017-12-30,25.943089794271685
730,37.0,26.0,0,60,0,2017-12-31,32.68299799840312
731,60.0,37.0,0,60,0,2018-01-01,48.088946820134595
732,60.0,60.0,0,28,0,2018-01-02,54.52750909360302
733,28.0,60.0,0,46,0,2018-01-03,37.39062212041418
734,46.0,28.0,0,34,0,2018-01-04,38.09473981138579
735,34.0,46.0,0,31,0,2018-01-05,36.706075146757016
736,31.0,34.0,0,34,0,2018-01-06,31.75117679129412
737,34.0,31.0,0,50,0,2018-01-07,32.52732154380267
738,50.0,34.0,0,31,0,2018-01-08,41.946064805819844
739,31.0,50.0,0,28,0,2018-01-09,36.24782194048245
740,28.0,31.0,0,35,0,2018-01-10,29.335691666179592
741,35.0,28.0,0,24,0,2018-01-11,32.25490446499674
742,24.0,35.0,0,27,0,2018-01-12,28.326356653768006
743,27.0,24.0,0,50,0,2018-01-13,26.865664927602296
744,50.0,27.0,0,67,0,2018-01-14,40.034777270659525
745,67.0,50.0,0,49,0,2018-01-15,55.581378740939485
746,49.0,67.0,0,47,0,2018-01-16,50.698507447013526
747,47.0,49.0,0,55,0,2018-01-17,44.6017487441221
748,55.0,47.0,0,32,0,2018-01-18,48.33633311435068
749,32.0,55.0,0,33,0,2018-01-19,38.258185724030426
750,33.0,32.0,0,46,0,2018-01-20,32.37070525669904
751,46.0,33.0,0,51,0,2018-01-21,39.622938364316205
752,51.0,46.0,0,52,0,2018-01-22,45.94429009732756
753,52.0,51.0,0,45,0,2018-01-23,47.88573730535606
754,45.0,52.0,0,58,0,2018-01-24,44.422630181430236
755,58.0,45.0,0,20,0,2018-01-25,49.438026810373145
756,20.0,58.0,0,36,0,2018-01-26,32.72139704556707
757,36.0,20.0,0,37,0,2018-01-27,30.676353354378698
758,37.0,36.0,0,83,1,2018-01-28,35.693450720584295
759,83.0,37.0,0,49,0,2018-01-29,60.625995210247396
760,49.0,83.0,0,24,1,2018-01-30,55.279383966281216
761,24.0,49.0,0,50,0,2018-01-31,32.38631103976684
762,50.0,24.0,0,32,0,2018-02-01,39.333796742195624
763,32.0,50.0,0,35,0,2018-02-02,36.967366486778204
764,35.0,32.0,0,55,0,2018-02-03,33.54944284177252
765,55.0,35.0,0,45,0,2018-02-04,45.1112541500983
766,45.0,55.0,0,55,0,2018-02-05,45.35333262829238
767,55.0,45.0,0,28,0,2018-02-06,47.922614543001
768,28.0,55.0,0,59,0,2018-02-07,36.260608226040716
769,59.0,28.0,0,39,0,2018-02-08,45.327719866686685
770,39.0,59.0,0,35,0,2018-02-09,43.28777838728638
771,35.0,39.0,0,43,0,2018-02-10,35.56027654157208
772,43.0,35.0,0,44,0,2018-02-11,38.73565179213209
773,44.0,43.0,0,34,0,2018-02-12,41.51591267966344
774,34.0,44.0,0,16,0,2018-02-13,36.445504521006164
775,16.0,34.0,0,40,0,2018-02-14,24.013310111554595
776,40.0,16.0,0,35,0,2018-02-15,31.846493709669055
777,35.0,40.0,0,52,0,2018-02-16,35.885825485086016
778,52.0,35.0,0,31,0,2018-02-17,43.60349928000609
779,31.0,52.0,0,43,0,2018-02-18,37.11332695134868
780,43.0,31.0,0,42,0,2018-02-19,37.678492731034495
781,42.0,43.0,0,67,0,2018-02-20,40.50563783474867
782,67.0,42.0,0,38,0,2018-02-21,53.62786596162307
783,38.0,67.0,0,30,0,2018-02-22,45.088394019022715
784,30.0,38.0,0,38,0,2018-02-23,32.70138308849129
785,38.0,30.0,0,62,0,2018-02-24,34.758340099714175
786,62.0,38.0,0,68,0,2018-02-25,49.86124225351996
787,68.0,62.0,0,44,0,2018-02-26,59.79401115628556
788,44.0,68.0,0,51,0,2018-02-27,48.62088763471961
789,51.0,44.0,0,41,0,2018-02-28,45.66840467701683
790,41.0,51.0,0,33,0,2018-03-01,42.27562387736525
791,33.0,41.0,0,39,0,2018-03-02,35.20109958368518
792,39.0,33.0,0,62,0,2018-03-03,36.186522571753756
793,62.0,39.0,0,58,0,2018-03-04,50.194448594313826
794,58.0,62.0,0,25,0,2018-03-05,54.489942821473655
795,25.0,58.0,0,47,0,2018-03-06,35.69887059737054
796,47.0,25.0,0,36,0,2018-03-07,38.26645177481647
797,36.0,47.0,0,34,0,2018-03-08,38.531972361101964
798,34.0,36.0,0,51,0,2018-03-09,34.39244557705051
799,51.0,34.0,0,61,0,2018-03-10,42.948933051473425
800,61.0,51.0,0,51,0,2018-03-11,53.06753808170765
801,51.0,61.0,0,35,0,2018-03-12,50.51357096155892
802,35.0,51.0,0,65,0,2018-03-13,39.15291057526164
803,65.0,35.0,0,38,0,2018-03-14,50.75990536250757
804,38.0,65.0,0,63,0,2018-03-15,44.68999024223292
805,63.0,38.0,0,52,0,2018-03-16,50.54249981341599
806,52.0,63.0,0,51,0,2018-03-17,51.64683407920434
807,51.0,52.0,0,68,0,2018-03-18,48.043074306730034
808,68.0,51.0,0,31,0,2018-03-19,56.87916634098723
809,31.0,68.0,0,55,0,2018-03-20,41.816721827095435
810,55.0,31.0,0,36,0,2018-03-21,44.337418788358534
811,36.0,55.0,0,36,0,2018-03-22,40.8760124016954
812,36.0,36.0,0,28,0,2018-03-23,35.57118316212399
813,28.0,36.0,0,54,0,2018-03-24,31.292704466786727
814,54.0,28.0,0,66,0,2018-03-25,42.993467686398304
815,66.0,54.0,0,42,0,2018-03-26,56.70004777829537
816,42.0,66.0,0,37,0,2018-03-27,47.2045516157351
817,37.0,42.0,0,46,0,2018-03-28,37.82286451910653
818,46.0,37.0,0,41,0,2018-03-29,41.25440222140941
819,41.0,46.0,0,64,0,2018-03-30,41.09966559931214
820,64.0,41.0,0,58,0,2018-03-31,52.03194146369511
821,58.0,64.0,0,77,0,2018-04-01,55.25590166770064
822,77.0,58.0,0,67,0,2018-04-02,63.76550492594073
823,67.0,77.0,0,39,0,2018-04-03,63.72797884430054
824,39.0,67.0,0,44,0,2018-04-04,45.93811431907747
825,44.0,39.0,0,46,0,2018-04-05,40.79567909888326
826,46.0,44.0,0,27,0,2018-04-06,43.27289331848891
827,27.0,46.0,0,56,0,2018-04-07,33.66018661547158
828,56.0,27.0,0,63,0,2018-04-08,43.8926007116375
829,63.0,56.0,0,55,0,2018-04-09,55.759159425151665
830,55.0,63.0,0,49,0,2018-04-10,53.43791264865438
831,49.0,55.0,0,40,0,2018-04-11,47.99413149779717
832,40.0,49.0,0,46,0,2018-04-12,41.50225843187708
833,46.0,40.0,0,41,0,2018-04-13,42.208076860111376
834,41.0,46.0,0,39,0,2018-04-14,41.21452655851126
835,39.0,41.0,0,46,0,2018-04-15,38.752627133465495
836,46.0,39.0,0,34,0,2018-04-16,41.95144449211692
837,34.0,46.0,0,27,0,2018-04-17,37.48712966931104
838,27.0,34.0,0,29,0,2018-04-18,30.38916326753955
839,29.0,27.0,0,45,0,2018-04-19,29.51112276913382
840,45.0,29.0,0,39,0,2018-04-20,38.65026147131672
841,39.0,45.0,0,44,0,2018-04-21,39.91698975648227
842,44.0,39.0,0,68,0,2018-04-22,40.92585485264227
843,68.0,44.0,0,47,0,2018-04-23,55.18994332694521
844,47.0,68.0,0,46,0,2018-04-24,50.65700291712777
845,46.0,47.0,0,38,0,2018-04-25,44.25719754631065
846,38.0,46.0,0,26,0,2018-04-26,39.69911429113911
847,26.0,38.0,0,32,0,2018-04-27,31.040731070819
848,32.0,26.0,0,55,0,2018-04-28,30.90773581955046
849,55.0,32.0,0,43,0,2018-04-29,44.91566184211054
850,43.0,55.0,0,36,0,2018-04-30,44.92501997665316
851,36.0,43.0,0,70,0,2018-05-01,37.827053574881674
852,70.0,36.0,0,55,0,2018-05-02,54.09355744694473
853,55.0,70.0,0,40,0,2018-05-03,55.57126470493301
854,40.0,55.0,0,63,0,2018-05-04,43.34834853104148
855,63.0,40.0,0,39,0,2018-05-05,51.48457879708163
856,39.0,63.0,0,82,1,2018-05-06,45.064732792698464
857,82.0,39.0,0,69,0,2018-05-07,61.39986225177307
858,69.0,82.0,0,22,1,2018-05-08,66.46554457142419
859,22.0,69.0,0,53,0,2018-05-09,37.657293146732435
860,53.0,22.0,0,47,0,2018-05-10,41.132313590692775
861,47.0,53.0,0,40,0,2018-05-11,46.59311027337255
862,40.0,47.0,0,45,0,2018-05-12,41.172771230606756
863,45.0,40.0,0,58,0,2018-05-13,41.90203176693247
864,58.0,45.0,0,38,0,2018-05-14,50.272683113886764
865,38.0,58.0,0,35,0,2018-05-15,43.19985955746938
866,35.0,38.0,0,51,0,2018-05-16,36.00812472333224
867,51.0,35.0,0,25,0,2018-05-17,43.74924062634372
868,25.0,51.0,0,51,0,2018-05-18,34.30062867996629
869,51.0,25.0,0,57,0,2018-05-19,40.96850982256079
870,57.0,51.0,0,46,0,2018-05-20,51.46048784499496
871,46.0,57.0,0,31,0,2018-05-21,47.25233547393194
872,31.0,46.0,0,32,0,2018-05-22,36.14783753937754
873,32.0,31.0,0,23,0,2018-05-23,32.497193550720404
874,23.0,32.0,0,31,0,2018-05-24,27.96255240364028
875,31.0,23.0,0,44,0,2018-05-25,29.739904855028882
876,44.0,31.0,0,29,0,2018-05-26,38.94936988148602
877,29.0,44.0,0,49,0,2018-05-27,34.55538138295438
878,49.0,29.0,0,43,0,2018-05-28,41.08431061426309
879,43.0,49.0,0,36,0,2018-05-29,43.46945713876577
880,36.0,43.0,0,22,0,2018-05-30,38.04911809599997
881,22.0,36.0,0,33,0,2018-05-31,28.59880541235985
882,33.0,22.0,0,49,0,2018-06-01,30.585436099308488
883,49.0,33.0,0,36,0,2018-06-02,42.241015839999925
884,36.0,49.0,0,49,0,2018-06-03,39.75737504412543
885,49.0,36.0,0,35,0,2018-06-04,43.09514431406265
886,35.0,49.0,0,27,0,2018-06-05,39.23692282710817
887,27.0,35.0,0,22,0,2018-06-06,31.043980294090964
888,22.0,27.0,0,34,0,2018-06-07,26.1359661548109
889,34.0,22.0,0,45,0,2018-06-08,31.17480489184523
890,45.0,34.0,0,31,0,2018-06-09,40.4311541344852
891,31.0,45.0,0,57,0,2018-06-10,36.01372352786215
892,57.0,31.0,0,46,0,2018-06-11,46.03685938846803
893,46.0,57.0,0,40,0,2018-06-12,47.42079821409065
894,40.0,46.0,0,45,0,2018-06-13,41.1382033837306
895,45.0,40.0,0,18,0,2018-06-14,42.14706847989059
896,18.0,45.0,0,42,0,2018-06-15,29.08703936375891
897,42.0,18.0,0,49,0,2018-06-16,34.40378192336483
898,49.0,42.0,0,58,0,2018-06-17,44.872317837707584
899,58.0,49.0,0,53,0,2018-06-18,51.65911025802184
900,53.0,58.0,0,37,0,2018-06-19,51.50437363592458
901,37.0,53.0,0,41,0,2018-06-20,41.54173604879871
902,41.0,37.0,0,44,0,2018-06-21,39.21878853503874
903,44.0,41.0,0,45,0,2018-06-22,41.952165206387264
904,45.0,44.0,0,40,0,2018-06-23,43.3344032947472
905,40.0,45.0,0,61,0,2018-06-24,40.942830193975674
906,61.0,40.0,0,31,0,2018-06-25,50.80357203520435
907,31.0,61.0,0,34,0,2018-06-26,40.609914841689715
908,34.0,31.0,0,45,0,2018-06-27,33.836736478672655
909,45.0,34.0,0,28,0,2018-06-28,40.57664468280409
910,28.0,45.0,0,58,0,2018-06-29,34.55191304144958
911,58.0,28.0,0,37,0,2018-06-30,45.87930326886122
912,37.0,58.0,0,34,0,2018-07-01,43.02399021804948
913,34.0,37.0,0,53,0,2018-07-02,35.55265082407806
914,53.0,34.0,0,31,0,2018-07-03,44.90106776182099
915,31.0,53.0,0,33,0,2018-07-04,38.434337541255
916,33.0,31.0,0,41,0,2018-07-05,33.36222864533504
917,41.0,33.0,0,36,0,2018-07-06,38.215231254900736
918,36.0,41.0,0,47,0,2018-07-07,37.780890072969186
919,47.0,36.0,0,55,0,2018-07-08,42.28396179842636
920,55.0,47.0,0,51,0,2018-07-09,49.6534054465006
921,51.0,55.0,0,37,0,2018-07-10,49.7548312761462
922,37.0,51.0,0,24,0,2018-07-11,41.14333227200892
923,24.0,37.0,0,23,0,2018-07-12,30.271554681105968
924,23.0,24.0,0,45,0,2018-07-13,26.108585788963097
925,45.0,23.0,0,35,0,2018-07-14,37.62351288110605
926,35.0,45.0,0,21,0,2018-07-15,38.42480047896869
927,21.0,35.0,0,23,0,2018-07-16,28.135674115825722
928,23.0,21.0,0,26,0,2018-07-17,25.300401698580018
929,26.0,23.0,0,39,0,2018-07-18,27.474569250259975
930,39.0,26.0,0,27,0,2018-07-19,35.286011477545706
931,27.0,39.0,0,37,0,2018-07-20,32.499324013745515
932,37.0,27.0,0,78,1,2018-07-21,34.50939680878557
933,78.0,37.0,0,47,0,2018-07-22,59.279547279071465
934,47.0,78.0,0,40,0,2018-07-23,54.14221427066532
935,40.0,47.0,0,16,0,2018-07-24,41.73176123204249
936,16.0,40.0,0,54,0,2018-07-25,26.923778432630858
937,54.0,16.0,0,30,0,2018-07-26,40.58007283381972
938,30.0,54.0,0,42,0,2018-07-27,38.35429522695078
939,42.0,30.0,0,44,0,2018-07-28,38.080647327133754
940,44.0,42.0,0,35,0,2018-07-29,42.515093465579376
941,35.0,44.0,0,26,0,2018-07-30,38.260056878333536
942,26.0,35.0,0,38,0,2018-07-31,30.92937013291059
943,38.0,26.0,0,19,0,2018-08-01,34.8497906306078
944,19.0,38.0,0,42,0,2018-08-02,28.033129525933276
945,42.0,19.0,0,21,0,2018-08-03,35.0509415526363
946,21.0,42.0,0,45,0,2018-08-04,30.238396582984585
947,45.0,21.0,0,69,0,2018-08-05,37.232766501596195
948,69.0,45.0,0,34,0,2018-08-06,56.809341612750494
949,34.0,69.0,0,36,0,2018-08-07,44.77566304085296
950,36.0,34.0,0,32,0,2018-08-08,36.068694867087345
951,32.0,36.0,0,19,0,2018-08-09,34.49249333772725
952,19.0,32.0,0,40,0,2018-08-10,26.416761345167117
953,40.0,19.0,0,70,1,2018-08-11,34.040666707721535
954,70.0,40.0,0,64,0,2018-08-12,55.99303020883588
955,64.0,70.0,0,31,1,2018-08-13,61.17422233168138
956,31.0,64.0,0,33,0,2018-08-14,41.823940987909694
957,33.0,31.0,0,33,0,2018-08-15,33.676181933812636
958,33.0,33.0,0,17,0,2018-08-16,34.24304845076114
959,17.0,33.0,0,36,0,2018-08-17,25.67843366280669
960,36.0,17.0,0,46,0,2018-08-18,31.391991322703966
961,46.0,36.0,0,62,0,2018-08-19,42.06980547260676
962,62.0,46.0,0,36,0,2018-08-20,53.445780653463906
963,36.0,62.0,0,36,0,2018-08-21,43.99716870708647
964,36.0,36.0,0,22,0,2018-08-22,36.73510754867509
965,22.0,36.0,0,45,0,2018-08-23,29.242026783874934
966,45.0,22.0,0,28,0,2018-08-24,37.65786160974937
967,28.0,45.0,0,47,0,2018-08-25,34.98838468640625
968,47.0,28.0,0,53,0,2018-08-26,40.42233778646924
969,53.0,47.0,0,50,0,2018-08-27,48.95708389006343
970,50.0,53.0,0,35,0,2018-08-28,49.03506761161762
971,35.0,50.0,0,40,0,2018-08-29,40.16740615573747
972,40.0,35.0,0,32,0,2018-08-30,38.65983021338893
973,32.0,40.0,0,44,0,2018-08-31,35.77937431722309
974,44.0,32.0,0,73,1,2018-09-01,39.979399374754564
975,73.0,44.0,0,57,0,2018-09-02,58.87955482578323
976,57.0,73.0,0,35,0,2018-09-03,58.42347227302295
977,35.0,57.0,0,36,0,2018-09-04,42.17058245825709
978,36.0,35.0,0,29,0,2018-09-05,36.562706550759984
979,29.0,36.0,0,33,0,2018-09-06,33.09959942683416
980,33.0,29.0,0,47,0,2018-09-07,33.29309295158272
981,47.0,33.0,0,43,0,2018-09-08,41.919906750279885
982,43.0,47.0,0,57,0,2018-09-09,43.698959938931175
983,57.0,43.0,0,35,0,2018-09-10,50.08893725895408
984,35.0,57.0,0,33,0,2018-09-11,42.22418423921668
985,33.0,35.0,0,30,0,2018-09-12,35.00900729698812
986,30.0,33.0,0,34,0,2018-09-13,32.85015453986805
987,34.0,30.0,0,39,0,2018-09-14,34.16206630395375
988,39.0,34.0,0,28,0,2018-09-15,37.966976998456566
989,28.0,39.0,0,51,0,2018-09-16,33.47922006755927
990,51.0,28.0,0,28,0,2018-09-17,42.73386857293655
991,28.0,51.0,0,38,0,2018-09-18,36.84978958013053
992,38.0,28.0,0,20,0,2018-09-19,35.78421221699349
993,20.0,38.0,0,36,0,2018-09-20,28.944109004227556
994,36.0,20.0,0,39,0,2018-09-21,32.49115650972482
995,39.0,36.0,0,59,0,2018-09-22,38.57978789908472
996,59.0,39.0,0,73,0,2018-09-23,50.14159920741049
997,73.0,59.0,0,32,1,2018-09-24,63.24208596345617
998,32.0,73.0,0,46,0,2018-09-25,45.197759723752924
999,46.0,32.0,0,26,0,2018-09-26,41.24236832990741
1000,26.0,46.0,0,27,0,2018-09-27,34.4491493333243
1001,27.0,26.0,0,41,0,2018-09-28,29.400482545495755
1002,41.0,27.0,0,55,0,2018-09-29,37.18848266469007
1003,55.0,41.0,0,47,0,2018-09-30,48.611342061730056
1004,47.0,55.0,0,57,0,2018-10-01,48.24732720407274
1005,57.0,47.0,0,28,0,2018-10-02,51.375818238449924
1006,28.0,57.0,0,24,0,2018-10-03,38.642277898335344
1007,24.0,28.0,0,26,0,2018-10-04,28.398335014112515
1008,26.0,24.0,0,40,0,2018-10-05,28.35910819520963
1009,40.0,26.0,0,49,0,2018-10-06,36.426712874238234
1010,49.0,40.0,0,44,0,2018-10-07,45.170737213392464
1011,44.0,49.0,0,44,0,2018-10-08,45.016000591295196
1012,44.0,44.0,0,48,0,2018-10-09,43.625635189403724
1013,48.0,44.0,0,30,0,2018-10-10,45.776360632992265
1014,30.0,48.0,0,27,0,2018-10-11,37.25863006122064
1015,27.0,30.0,0,47,0,2018-10-12,30.626104346752058
1016,47.0,27.0,0,44,0,2018-10-13,40.51028829607215
1017,44.0,47.0,0,39,0,2018-10-14,44.50273585530628
1018,39.0,44.0,0,27,0,2018-10-15,40.99274451519763
1019,27.0,39.0,0,32,0,2018-10-16,33.173174974380366
1020,32.0,27.0,0,43,0,2018-10-17,32.50441271153467
1021,43.0,32.0,0,44,0,2018-10-18,39.80353003533466
1022,44.0,43.0,0,27,0,2018-10-19,43.42260460236886
1023,27.0,44.0,0,45,0,2018-10-20,34.601827362671536
1024,45.0,27.0,0,50,0,2018-10-21,39.50001345115738
1025,50.0,45.0,0,30,0,2018-10-22,47.21938798334014
1026,30.0,50.0,0,35,0,2018-10-23,37.9097279482485
1027,35.0,30.0,0,19,0,2018-10-24,35.00412920672855
1028,19.0,35.0,0,36,0,2018-10-25,27.837537217945513
1029,36.0,19.0,0,26,0,2018-10-26,32.479560854688486
1030,26.0,36.0,0,40,0,2018-10-27,31.882825653379726
1031,40.0,26.0,0,49,0,2018-10-28,36.59517561439694
1032,49.0,40.0,0,40,0,2018-10-29,45.33919995355117
1033,40.0,49.0,0,42,0,2018-10-30,43.041395285145306
1034,42.0,40.0,0,34,0,2018-10-31,41.60414566707101
1035,34.0,42.0,0,43,0,2018-11-01,37.88487609140232
1036,43.0,34.0,0,35,0,2018-11-02,40.477600114202346
1037,35.0,43.0,0,51,0,2018-11-03,38.715562457373636
1038,51.0,35.0,0,41,0,2018-11-04,45.05865556121371
1039,41.0,51.0,0,47,0,2018-11-05,44.18231580007067
1040,47.0,41.0,0,31,0,2018-11-06,44.60852966847069
1041,31.0,47.0,0,22,0,2018-11-07,37.72154223952192
1042,22.0,31.0,0,25,0,2018-11-08,28.433623575259013
1043,25.0,22.0,0,38,0,2018-11-09,27.532140968761865
1044,38.0,25.0,0,60,0,2018-11-10,35.343583196047604
1045,60.0,38.0,0,60,0,2018-11-11,50.77297412587049
1046,60.0,60.0,0,56,0,2018-11-12,56.931931839504635
1047,56.0,60.0,0,35,0,2018-11-13,54.79652119047598
1048,35.0,56.0,0,25,0,2018-11-14,42.43465310529865
1049,25.0,35.0,0,48,0,2018-11-15,31.212944630287183
1050,48.0,25.0,0,31,0,2018-11-16,40.74719769549874
1051,31.0,48.0,0,35,0,2018-11-17,38.07772077215562
1052,35.0,31.0,0,35,0,2018-11-18,35.475168698561376
1053,35.0,35.0,0,41,0,2018-11-19,36.60124433517844
1054,41.0,35.0,0,44,0,2018-11-20,39.82350380192128
1055,44.0,41.0,0,32,0,2018-11-21,43.11608959293836
1056,32.0,44.0,0,31,0,2018-11-22,37.53335653079535
1057,31.0,32.0,0,33,0,2018-11-23,33.649992198486764
1058,33.0,31.0,0,48,0,2018-11-24,34.44957905908672
1059,48.0,33.0,0,55,0,2018-11-25,43.05295074969247
1060,55.0,48.0,0,47,0,2018-11-26,51.00504562552669
1061,47.0,55.0,0,36,0,2018-11-27,48.6837988490294
1062,36.0,47.0,0,47,0,2018-11-28,40.56118264028645
1063,47.0,36.0,0,30,0,2018-11-29,43.38662700673793
1064,30.0,47.0,0,32,0,2018-11-30,37.36189536538343
1065,32.0,30.0,0,55,0,2018-12-01,33.68780926863488
1066,55.0,32.0,0,54,0,2018-12-02,46.57731705185783
1067,54.0,55.0,0,42,0,2018-12-03,52.4801123137491
1068,42.0,54.0,0,31,0,2018-12-04,45.778961012268965
1069,31.0,42.0,0,24,0,2018-12-05,36.53792656418888
1070,24.0,31.0,0,46,0,2018-12-06,29.719564722251675
1071,46.0,24.0,0,39,0,2018-12-07,39.55686445538893
1072,39.0,46.0,0,39,0,2018-12-08,41.96545308798303
1073,39.0,39.0,0,40,0,2018-12-09,40.015878566423
1074,40.0,39.0,0,35,0,2018-12-10,40.55930297528009
1075,35.0,40.0,0,38,0,2018-12-11,38.16772987450857
1076,38.0,35.0,0,40,0,2018-12-12,38.384665507348544
1077,40.0,38.0,0,51,0,2018-12-13,40.302670607285634
1078,51.0,40.0,0,43,0,2018-12-14,46.762974251582776
1079,43.0,51.0,0,45,0,2018-12-15,45.56014571442262
1080,45.0,43.0,0,61,0,2018-12-16,44.40250065618261
1081,61.0,45.0,0,38,0,2018-12-17,53.54163935836551
1082,38.0,61.0,0,39,0,2018-12-18,45.700328446719524
1083,39.0,38.0,0,32,0,2018-12-19,39.81284797938813
1084,32.0,39.0,0,66,0,2018-12-20,36.3497408554623
1085,66.0,32.0,0,31,0,2018-12-21,52.616244727525356
1086,31.0,66.0,0,33,0,2018-12-22,43.378611753970645
1087,33.0,31.0,0,47,0,2018-12-23,34.67164358020503
1088,47.0,33.0,0,32,0,2018-12-24,42.73924825923362
1089,32.0,47.0,0,48,0,2018-12-25,38.62486432053627
1090,48.0,32.0,0,33,0,2018-12-26,43.01072550553637
1091,33.0,48.0,0,51,0,2018-12-27,39.45555068650758
1092,51.0,33.0,0,29,0,2018-12-28,44.91294589466199
1093,29.0,51.0,0,35,0,2018-12-29,38.16661111426171
1094,35.0,29.0,0,29,0,2018-12-30,35.237570264650344
1095,29.0,35.0,0,50,0,2018-12-31,33.708252951473085
1096,50.0,29.0,0,59,0,2019-01-01,43.289390232867476
1097,59.0,50.0,0,55,0,2019-01-02,53.99064649086168
1098,55.0,59.0,0,36,0,2019-01-03,54.37167688034156
1099,36.0,55.0,0,47,0,2019-01-04,43.08134281831853
1100,47.0,36.0,0,53,0,2019-01-05,43.66995070609576
1101,53.0,47.0,0,73,0,2019-01-06,49.96786033101571
1102,73.0,53.0,0,39,0,2019-01-07,62.36848531884433
1103,39.0,73.0,0,50,0,2019-01-08,49.75215551918682
1104,50.0,39.0,0,43,0,2019-01-09,46.14669500944983
1105,43.0,50.0,0,36,0,2019-01-10,45.47963348386682
1106,36.0,43.0,0,42,0,2019-01-11,39.77968988126674
1107,42.0,36.0,0,46,0,2019-01-12,41.04471742916961
1108,46.0,42.0,0,63,0,2019-01-13,44.87307023176383
1109,63.0,46.0,0,48,0,2019-01-14,55.10718506519245
1110,48.0,63.0,0,47,0,2019-01-15,51.831614805997944
1111,47.0,48.0,0,28,0,2019-01-16,47.10943679418651
1112,28.0,47.0,0,44,0,2019-01-17,36.65791641166632
1113,44.0,28.0,0,44,0,2019-01-18,39.9253593573293
1114,44.0,44.0,0,63,0,2019-01-19,44.40668971195775
1115,63.0,44.0,0,58,0,2019-01-20,54.593920329203534
1116,58.0,63.0,0,53,0,2019-01-21,57.23522930544908
1117,53.0,58.0,0,32,0,2019-01-22,53.16602884567187
1118,32.0,53.0,0,45,0,2019-01-23,40.52455620066026
1119,45.0,32.0,0,47,0,2019-01-24,41.62548899192322
1120,47.0,45.0,0,34,0,2019-01-25,46.33953969020313
1121,34.0,47.0,0,52,0,2019-01-26,39.94143505664869
1122,52.0,34.0,0,65,0,2019-01-27,45.95803938447166
1123,65.0,52.0,0,54,0,2019-01-28,57.96355000927162
1124,54.0,65.0,0,35,0,2019-01-29,55.71262955704859
1125,35.0,54.0,0,56,0,2019-01-30,42.46506357618558
1126,56.0,35.0,0,24,0,2019-01-31,48.411341579734305
1127,24.0,56.0,0,54,0,2019-02-01,37.14615036306538
1128,54.0,24.0,0,37,0,2019-02-02,44.27947219296279
1129,37.0,54.0,0,47,0,2019-02-03,43.56722718845964
1130,47.0,37.0,0,43,0,2019-02-04,44.17927718432829
1131,43.0,47.0,0,35,0,2019-02-05,44.83991213364245
1132,35.0,43.0,0,25,0,2019-02-06,39.44301519896807
1133,25.0,35.0,0,36,0,2019-02-07,31.856166001802258
1134,36.0,25.0,0,39,0,2019-02-08,34.961214928088026
1135,39.0,36.0,0,74,1,2019-02-09,39.651823518276515
1136,74.0,39.0,0,65,0,2019-02-10,59.25014000025954
1137,65.0,74.0,0,62,0,2019-02-11,64.222053887545
1138,62.0,65.0,0,42,0,2019-02-12,60.105969211584956
1139,42.0,62.0,0,36,0,2019-02-13,48.55947269781906
1140,36.0,42.0,0,30,0,2019-02-14,39.760436828950475
1141,30.0,36.0,0,38,0,2019-02-15,34.87586479776182
1142,38.0,30.0,0,53,0,2019-02-16,37.49203092865327
1143,53.0,38.0,0,60,0,2019-02-17,47.77302997826471
1144,60.0,53.0,0,44,0,2019-02-18,55.72512485409892
1145,44.0,60.0,0,28,0,2019-02-19,49.11774198498445
1146,28.0,44.0,0,44,0,2019-02-20,36.07945423968148
1147,44.0,28.0,0,22,0,2019-02-21,40.18571086484731
1148,22.0,44.0,0,23,0,2019-02-22,32.88016696477847
1149,23.0,22.0,0,69,1,2019-02-23,27.27229105728136
1150,69.0,23.0,0,57,0,2019-02-24,52.204835546944466
1151,57.0,69.0,0,52,0,2019-02-25,58.645098557675574
1152,52.0,57.0,0,35,0,2019-02-26,52.61866617905839
1153,35.0,52.0,0,47,0,2019-02-27,42.120261580355375
1154,47.0,35.0,0,48,0,2019-02-28,43.80384559937832
1155,48.0,47.0,0,49,0,2019-03-01,47.70252472624679
1156,49.0,48.0,0,34,0,2019-03-02,48.52555369493817
1157,34.0,49.0,0,55,0,2019-03-03,40.776310478395146
1158,55.0,34.0,0,60,0,2019-03-04,47.841006721281005
1159,60.0,55.0,0,51,0,2019-03-05,56.39919493296661
1160,51.0,60.0,0,35,0,2019-03-06,52.98297202522362
1161,35.0,51.0,0,52,0,2019-03-07,41.90191619876063
1162,52.0,35.0,0,55,0,2019-03-08,46.5439398355036
1163,55.0,52.0,0,68,0,2019-03-09,52.91217578469778
1164,68.0,55.0,0,52,0,2019-03-10,60.72361801198352
1165,52.0,68.0,0,38,0,2019-03-11,55.79386250187473
1166,38.0,52.0,0,51,0,2019-03-12,43.82710877972606
1167,51.0,38.0,0,34,0,2019-03-13,46.885273489829004
1168,34.0,51.0,0,53,0,2019-03-14,41.41975096814306
1169,53.0,34.0,0,56,0,2019-03-15,46.853704068206056
1170,56.0,53.0,0,44,0,2019-03-16,53.7811491370688
1171,44.0,56.0,0,62,0,2019-03-17,48.198416074925795
1172,62.0,44.0,0,20,1,2019-03-18,54.494624962583046
1173,20.0,62.0,0,38,0,2019-03-19,37.03294995063978
1174,38.0,20.0,0,45,0,2019-03-20,34.941022043268575
1175,45.0,38.0,0,35,0,2019-03-21,43.731930598605636
1176,35.0,45.0,0,30,0,2019-03-22,40.339149798954054
1177,30.0,35.0,0,55,0,2019-03-23,34.87192654000543
1178,55.0,30.0,0,62,0,2019-03-24,46.875736427542705
1179,62.0,55.0,0,54,0,2019-03-25,57.62387690171974
1180,54.0,62.0,0,41,0,2019-03-26,55.30263012522246
1181,41.0,54.0,0,45,0,2019-03-27,46.108479893325196
1182,45.0,41.0,0,27,0,2019-03-28,44.624346059068074
1183,27.0,45.0,0,42,0,2019-03-29,36.10661548729645
1184,42.0,27.0,0,41,0,2019-03-30,39.11789598121656
1185,41.0,42.0,0,54,0,2019-03-31,42.783854764433585
1186,54.0,41.0,0,53,0,2019-04-01,49.47687875238219
1187,53.0,54.0,0,29,0,2019-04-02,52.58362841593064
1188,29.0,53.0,0,52,0,2019-04-03,39.45327297552471
1189,52.0,29.0,0,39,0,2019-04-04,45.073062203056324
1190,39.0,52.0,0,54,0,2019-04-05,44.54665332602181
1191,54.0,39.0,0,43,0,2019-04-06,48.95595661911333
1192,43.0,54.0,0,43,0,2019-04-07,47.26424528655885
1193,43.0,43.0,0,41,0,2019-04-08,44.19625252566169
1194,41.0,43.0,0,45,0,2019-04-09,43.132375899787334
1195,45.0,41.0,0,42,0,2019-04-10,44.72389222370731
1196,42.0,45.0,0,45,0,2019-04-11,44.242666825592934
1197,45.0,42.0,0,42,0,2019-04-12,45.01881157810148
1198,42.0,45.0,0,55,0,2019-04-13,44.25798162015282
1199,55.0,42.0,0,51,0,2019-04-14,50.39179648843286
1200,51.0,55.0,0,25,0,2019-04-15,51.891245117249866
1201,25.0,51.0,0,50,0,2019-04-16,36.85054197418679
1202,50.0,25.0,0,42,0,2019-04-17,42.98265610520414
1203,42.0,50.0,0,28,0,2019-04-18,45.69429140572393
1204,28.0,42.0,0,52,0,2019-04-19,35.96437416224953
1205,52.0,28.0,0,62,0,2019-04-20,44.91597599970111
1206,62.0,52.0,0,56,0,2019-04-21,56.99181294877531
1207,56.0,62.0,0,55,0,2019-04-22,56.58091387493518
1208,55.0,56.0,0,47,0,2019-04-23,54.37517690163227
1209,47.0,55.0,0,44,0,2019-04-24,49.817093646460734
1210,44.0,47.0,0,54,0,2019-04-25,45.98061353033498
1211,54.0,44.0,0,65,0,2019-04-26,50.50712736388357
1212,65.0,54.0,0,41,0,2019-04-27,59.204267486854974
1213,41.0,65.0,0,80,0,2019-04-28,49.42916676446042
1214,80.0,41.0,0,36,0,2019-04-29,63.62122817722644
1215,36.0,80.0,0,41,0,2019-04-30,50.959714898648784
1216,41.0,36.0,0,49,0,2019-05-01,41.34360672110607
1217,49.0,41.0,0,48,0,2019-05-02,47.035423010174625
1218,48.0,49.0,0,67,0,2019-05-03,48.74414987455167
1219,67.0,48.0,0,65,0,2019-05-04,58.65177593196317
1220,65.0,67.0,0,52,0,2019-05-05,62.90038594294017
1221,52.0,65.0,0,56,0,2019-05-06,55.383863070048605
1222,56.0,52.0,0,36,0,2019-05-07,53.899729235791476
1223,36.0,56.0,0,46,0,2019-05-08,44.310464640865554
1224,46.0,36.0,0,31,0,2019-05-09,44.08370095723136
1225,31.0,46.0,0,44,0,2019-05-10,38.85089877919687
1226,44.0,31.0,0,45,0,2019-05-11,41.62945892946553
1227,45.0,44.0,0,47,0,2019-05-12,45.807742616168284
1228,47.0,45.0,0,30,0,2019-05-13,47.16653859643681
1229,30.0,47.0,0,41,0,2019-05-14,38.62536591657377
1230,41.0,30.0,0,27,0,2019-05-15,39.773182924019565
1231,27.0,41.0,0,44,0,2019-05-16,35.355752317396515
1232,44.0,27.0,0,25,0,2019-05-17,40.55698507380805
1233,25.0,44.0,0,37,0,2019-05-18,35.13834676830494
1234,37.0,25.0,0,28,0,2019-05-19,36.26272166765932
1235,28.0,37.0,0,37,0,2019-05-20,34.803730678756295
1236,37.0,28.0,0,43,0,2019-05-21,37.116850141722054
1237,43.0,37.0,0,36,0,2019-05-22,42.85555064697343
1238,36.0,43.0,0,41,0,2019-05-23,40.79046632221902
1239,41.0,36.0,0,48,0,2019-05-24,41.51972685854473
1240,48.0,41.0,0,32,0,2019-05-25,46.67577613603613
1241,32.0,48.0,0,56,0,2019-05-26,40.068393266921646
1242,56.0,32.0,0,29,0,2019-05-27,48.46078598470467
1243,29.0,56.0,0,29,0,2019-05-28,40.71324350542433
1244,29.0,29.0,0,42,0,2019-05-29,33.17157778717866
1245,42.0,29.0,0,26,0,2019-05-30,40.14420633496155
1246,26.0,42.0,0,50,0,2019-05-31,35.21445082485277
1247,50.0,26.0,0,52,0,2019-06-01,43.60684354263579
1248,52.0,50.0,0,51,0,2019-06-02,51.39654439909279
1249,51.0,52.0,0,18,1,2019-06-03,51.42764390446415
1250,18.0,51.0,0,29,0,2019-06-04,33.47538535986387
1251,29.0,18.0,0,25,0,2019-06-05,30.149529409961154
1252,25.0,29.0,0,30,0,2019-06-06,31.089768919109602
1253,30.0,25.0,0,41,0,2019-06-07,32.65784313493816
1254,41.0,30.0,0,45,0,2019-06-08,39.95696045873816
1255,45.0,41.0,0,48,0,2019-06-09,45.1833360605038
1256,48.0,45.0,0,41,0,2019-06-10,47.916712731852314
1257,41.0,48.0,0,43,0,2019-06-11,45.01281472759506
1258,43.0,41.0,0,42,0,2019-06-12,44.13477422918932
1259,42.0,43.0,0,46,0,2019-06-13,44.16587373456068
1260,46.0,42.0,0,31,0,2019-06-14,46.036994618314935
1261,31.0,46.0,0,50,0,2019-06-15,39.12656508127476
1262,50.0,31.0,0,42,0,2019-06-16,45.11972730100632
1263,42.0,50.0,0,40,0,2019-06-17,46.15373524252042
1264,40.0,42.0,0,38,0,2019-06-18,42.853022137971806
1265,38.0,40.0,0,37,0,2019-06-19,41.22993639242888
1266,37.0,38.0,0,43,0,2019-06-20,40.14261765846311
1267,43.0,37.0,0,50,0,2019-06-21,43.08527256537167
1268,50.0,43.0,0,19,0,2019-06-22,48.52092640269735
1269,19.0,50.0,0,59,0,2019-06-23,33.87703835992563
1270,59.0,19.0,0,46,0,2019-06-24,46.64763486542881
1271,46.0,59.0,0,36,0,2019-06-25,50.87450350557708
1272,36.0,46.0,0,43,0,2019-06-26,41.88963150923986
1273,43.0,36.0,0,41,0,2019-06-27,42.85161238921704
1274,41.0,43.0,0,49,0,2019-06-28,43.74496768218265
1275,49.0,41.0,0,45,0,2019-06-29,47.47955205241122
1276,45.0,49.0,0,55,0,2019-06-30,47.58097788205682
1277,55.0,45.0,0,58,0,2019-07-01,51.82788715577114
1278,58.0,55.0,0,57,0,2019-07-02,56.23889118612534
1279,57.0,58.0,0,56,0,2019-07-03,56.54959525133098
1280,56.0,57.0,0,35,0,2019-07-04,55.74188107719949
1281,35.0,56.0,0,34,0,2019-07-05,44.21882667152501
1282,34.0,35.0,0,28,0,2019-07-06,37.81902130070789
1283,28.0,34.0,0,44,0,2019-07-07,34.33247206869064
1284,44.0,28.0,0,36,0,2019-07-08,41.23477429219929
1285,36.0,44.0,0,58,0,2019-07-09,41.42996855421055
1286,58.0,36.0,0,41,0,2019-07-10,50.98766372751352
1287,41.0,58.0,0,37,0,2019-07-11,48.03858224433611
1288,37.0,41.0,0,26,0,2019-07-12,41.149894078124674
1289,26.0,37.0,0,47,0,2019-07-13,34.14569610871884
1290,47.0,26.0,0,34,0,2019-07-14,42.32881059094182
1291,34.0,47.0,0,35,0,2019-07-15,41.243192594238735
1292,35.0,34.0,0,64,0,2019-07-16,38.151757725250164
1293,64.0,35.0,0,30,0,2019-07-17,53.976263018101726
1294,30.0,64.0,0,19,0,2019-07-18,43.87637425695276
1295,19.0,30.0,0,32,0,2019-07-19,28.48403949251847
1296,32.0,19.0,0,66,1,2019-07-20,32.381017882124254
1297,66.0,32.0,0,28,0,2019-07-21,54.239612950872946
1298,28.0,66.0,0,42,0,2019-07-22,43.39467894258678
1299,42.0,28.0,0,38,0,2019-07-23,40.27810122824411
1300,38.0,42.0,0,41,0,2019-07-24,42.0571544168954
1301,41.0,38.0,0,42,0,2019-07-25,42.55369460956966
1302,42.0,41.0,0,25,0,2019-07-26,43.9359326979296
1303,25.0,42.0,0,73,1,2019-07-27,35.11515545823228
1304,73.0,25.0,0,50,0,2019-07-28,56.08635189403261
1305,50.0,73.0,0,42,0,2019-07-29,57.19238689708364
1306,42.0,50.0,0,46,0,2019-07-30,46.4830033255579
1307,46.0,42.0,0,20,0,2019-07-31,46.39689229047218
1308,20.0,46.0,0,29,0,2019-08-01,33.59302562608337
1309,29.0,20.0,0,22,0,2019-08-02,31.152867571866324
1310,22.0,29.0,0,37,0,2019-08-03,29.926596926614756
1311,37.0,22.0,0,50,0,2019-08-04,36.01352757871197
1312,50.0,37.0,0,44,0,2019-08-05,47.180224524009084
1313,44.0,50.0,0,40,0,2019-08-06,47.60813912967179
1314,40.0,44.0,0,39,0,2019-08-07,43.795101121637444
1315,39.0,40.0,0,55,0,2019-08-08,42.148573268003105
1316,55.0,39.0,0,43,0,2019-08-09,50.44889829068316
1317,43.0,55.0,0,60,0,2019-08-10,48.50102450638582
1318,60.0,43.0,0,56,0,2019-08-11,54.26146638246591
1319,56.0,60.0,0,53,0,2019-08-12,56.87933325062005
1320,53.0,56.0,0,48,0,2019-08-13,54.16127137383142
1321,48.0,53.0,0,46,0,2019-08-14,50.65128003372277
1322,46.0,48.0,0,29,0,2019-08-15,48.189380608677
1323,29.0,46.0,0,44,0,2019-08-16,38.52978968947683
1324,44.0,29.0,0,47,0,2019-08-17,41.82067474323122
1325,47.0,44.0,0,47,0,2019-08-18,47.629701572756844
1326,47.0,47.0,0,33,0,2019-08-19,48.476172649539635
1327,33.0,47.0,0,44,0,2019-08-20,40.98309188473948
1328,44.0,33.0,0,35,0,2019-08-21,42.96972257168812
1329,35.0,44.0,0,33,0,2019-08-22,41.231127022950815
1330,33.0,35.0,0,40,0,2019-08-23,37.650809358567926
1331,40.0,33.0,0,38,0,2019-08-24,40.84962671721935
1332,38.0,40.0,0,58,0,2019-08-25,41.74298201018496
1333,58.0,38.0,0,47,0,2019-08-26,51.90677051933933
1334,47.0,58.0,0,48,0,2019-08-27,51.61308198595626
1335,48.0,47.0,0,25,0,2019-08-28,49.08085623663625
1336,25.0,48.0,0,36,0,2019-08-29,37.04547692747604
1337,36.0,25.0,0,36,0,2019-08-30,36.51566657591614
1338,36.0,36.0,0,34,0,2019-08-31,39.59897413137318
1339,34.0,36.0,0,46,0,2019-09-01,38.535097505498825
1340,46.0,34.0,0,40,0,2019-09-02,44.412749922036
1341,40.0,46.0,0,35,0,2019-09-03,44.56105996786442
1342,35.0,40.0,0,38,0,2019-09-04,40.212254948252934
1343,38.0,35.0,0,31,0,2019-09-05,40.42919058109291
1344,31.0,38.0,0,42,0,2019-09-06,37.52529257683565
1345,42.0,31.0,0,56,0,2019-09-07,41.46915518262426
1346,56.0,42.0,0,66,0,2019-09-08,52.0532009001614
1347,66.0,56.0,0,45,0,2019-09-09,61.33299225089278
1348,45.0,66.0,0,54,0,2019-09-10,52.8855880033954
1349,54.0,45.0,0,50,0,2019-09-11,51.84345274834977
1350,50.0,54.0,0,42,0,2019-09-12,52.22448313782965
1351,42.0,50.0,0,45,0,2019-09-13,46.82758620315526
1352,45.0,42.0,0,60,0,2019-09-14,46.205708156492406
1353,60.0,45.0,0,41,0,2019-09-15,55.08868440693243
1354,41.0,60.0,0,37,0,2019-09-16,49.110836981760755
1355,37.0,41.0,0,28,0,2019-09-17,41.66293969588075
1356,28.0,37.0,0,39,0,2019-09-18,35.730275749629214
1357,39.0,28.0,0,29,0,2019-09-19,39.114929235749266
1358,29.0,39.0,0,62,0,2019-09-20,36.840566675434815
1359,62.0,29.0,0,31,0,2019-09-21,51.73248985641787
1360,31.0,62.0,0,44,0,2019-09-22,44.35832036933748
1361,44.0,31.0,0,29,0,2019-09-23,42.663207562257625
1362,29.0,44.0,0,25,0,2019-09-24,38.269219063725984
1363,25.0,29.0,0,9,0,2019-09-25,31.939740017183098
1364,9.0,25.0,0,26,0,2019-09-26,22.256706989891526
1365,26.0,9.0,0,29,0,2019-09-27,26.898730626634496
1366,29.0,26.0,0,48,0,2019-09-28,33.266966575828675
1367,48.0,29.0,0,76,0,2019-09-29,44.29301087257731
1368,76.0,48.0,0,61,0,2019-09-30,64.6146312308688
1369,61.0,76.0,0,52,0,2019-10-01,64.41471112985138
1370,52.0,61.0,0,24,1,2019-10-02,55.40639702542275
1371,24.0,52.0,0,39,0,2019-10-03,37.896137060033965
1372,39.0,24.0,0,51,0,2019-10-04,38.11137195561126
1373,51.0,39.0,0,69,0,2019-10-05,48.74230188933122
1374,69.0,51.0,0,62,0,2019-10-06,61.749020213011235
1375,62.0,69.0,0,42,0,2019-10-07,63.03919060626821
1376,42.0,62.0,0,34,0,2019-10-08,50.37427585316519
1377,34.0,42.0,0,54,0,2019-10-09,40.503705961142295
1378,54.0,34.0,0,48,0,2019-10-10,48.98986711129097
1379,48.0,54.0,0,41,0,2019-10-11,51.37501363579365
1380,41.0,48.0,0,51,0,2019-10-12,45.95467459302785
1381,51.0,41.0,0,55,0,2019-10-13,49.36277018723932
1382,55.0,51.0,0,42,0,2019-10-14,54.30954122917068
1383,42.0,55.0,0,39,0,2019-10-15,48.4706457152848
1384,39.0,42.0,0,44,0,2019-10-16,43.23614279998763
1385,44.0,39.0,0,36,0,2019-10-17,45.083821575650475
1386,36.0,44.0,0,46,0,2019-10-18,42.20336567948463
1387,46.0,36.0,0,66,0,2019-10-19,45.33185671386181
1388,66.0,46.0,0,54,0,2019-10-20,58.85089994102756
1389,54.0,66.0,0,35,0,2019-10-21,58.021444396067345
1390,35.0,54.0,0,56,0,2019-10-22,44.49427385537006
1391,56.0,35.0,0,56,0,2019-10-23,50.44055185891879
1392,56.0,56.0,0,42,0,2019-10-24,56.31990501271865
1393,42.0,56.0,0,30,0,2019-10-25,48.826824247918495
1394,30.0,42.0,0,51,0,2019-10-26,38.4908136685927
1395,51.0,30.0,0,70,0,2019-10-27,46.3943235909814
1396,70.0,51.0,0,41,0,2019-10-28,62.4532499647471
1397,41.0,70.0,0,43,0,2019-10-29,52.23615066314106
1398,43.0,41.0,0,54,0,2019-10-30,45.20680984838113
1399,54.0,43.0,0,36,0,2019-10-31,51.66711349267828
1400,36.0,54.0,0,54,0,2019-11-01,45.106614839746626
1401,54.0,36.0,0,29,0,2019-11-02,49.72519636839819
1402,29.0,54.0,0,48,0,2019-11-03,41.37156055326646
1403,48.0,29.0,0,44,0,2019-11-04,44.5686771746552
1404,44.0,48.0,0,40,0,2019-11-05,47.7457531624779
1405,40.0,44.0,0,40,0,2019-11-06,44.491924274112115
1406,40.0,40.0,0,23,0,2019-11-07,43.38116343205493
1407,23.0,40.0,0,37,0,2019-11-08,34.28078163252333
1408,37.0,23.0,0,43,0,2019-11-09,37.03589967470057
1409,43.0,37.0,0,62,0,2019-11-10,44.172622979123354
1410,62.0,43.0,0,34,0,2019-11-11,56.03748095537483
1411,34.0,62.0,0,40,0,2019-11-12,46.35614866534594
1412,40.0,34.0,0,34,0,2019-11-13,41.74948045672889
1413,34.0,40.0,0,30,0,2019-11-14,40.220163143551616
1414,30.0,34.0,0,55,0,2019-11-15,36.407125135517276
1415,55.0,30.0,0,48,0,2019-11-16,48.69053958288883
1416,48.0,55.0,0,45,0,2019-11-17,51.93794189498577
1417,45.0,48.0,0,36,0,2019-11-18,48.38106633869428
1418,36.0,45.0,0,51,0,2019-11-19,42.72800695227704
1419,51.0,36.0,0,46,0,2019-11-20,48.255728484705685
1420,46.0,51.0,0,49,0,2019-11-21,49.77861922161411
1421,49.0,46.0,0,49,0,2019-11-22,49.995554854454085
1422,49.0,49.0,0,46,0,2019-11-23,50.842025931236876
1423,46.0,49.0,0,44,0,2019-11-24,49.24238229378537
1424,44.0,46.0,0,44,0,2019-11-25,47.33969198840816
1425,44.0,44.0,0,35,0,2019-11-26,46.78814026601954
1426,35.0,44.0,0,43,0,2019-11-27,41.97389455910513
1427,43.0,35.0,0,42,0,2019-11-28,43.75124701049374
1428,42.0,43.0,0,34,0,2019-11-29,45.459973874870784
1429,34.0,42.0,0,60,0,2019-11-30,40.901890619699245
1430,60.0,34.0,0,64,0,2019-12-01,52.60265383931082
1431,64.0,60.0,0,40,0,2019-12-02,62.02309783859069
1432,40.0,64.0,0,47,0,2019-12-03,50.29076519735617
1433,47.0,40.0,0,35,0,2019-12-04,47.338282239653395
1434,35.0,47.0,0,51,0,2019-12-05,42.87396741684751
1435,51.0,35.0,0,44,0,2019-12-06,48.098642281350465
1436,44.0,51.0,0,45,0,2019-12-07,48.82960355493887
1437,45.0,44.0,0,44,0,2019-12-08,47.41579604495598
1438,44.0,45.0,0,42,0,2019-12-09,47.16729099049306
1439,42.0,44.0,0,47,0,2019-12-10,45.82380980478442
1440,47.0,42.0,0,28,0,2019-12-11,47.95109314028154
1441,28.0,47.0,0,34,0,2019-12-12,39.177200116767054
1442,34.0,28.0,0,37,0,2019-12-13,37.08697294665854
1443,37.0,34.0,0,49,0,2019-12-14,40.37955873767562
1444,49.0,37.0,0,56,0,2019-12-15,47.655233953384204
1445,56.0,49.0,0,40,0,2019-12-16,54.76851514971557
1446,40.0,56.0,0,31,0,2019-12-17,48.161132280601095
1447,31.0,40.0,0,34,0,2019-12-18,38.87321361633818
1448,34.0,31.0,0,38,0,2019-12-19,37.97173100984104
1449,38.0,34.0,0,51,0,2019-12-20,40.96127013293242
1450,51.0,38.0,0,27,0,2019-12-21,49.052316920052434
1451,27.0,51.0,0,57,0,2019-12-22,39.83642531732645
1452,57.0,27.0,0,49,0,2019-12-23,49.20658362589811
1453,49.0,57.0,0,42,0,2019-12-24,53.316241725589315
1454,42.0,49.0,0,112,1,2019-12-25,47.33669356315495
1455,112.0,42.0,0,50,1,2019-12-26,82.89080985199539
1456,50.0,112.0,0,17,1,2019-12-27,69.25323171989179
1457,17.0,50.0,0,32,0,2019-12-28,34.24509502540032
1458,32.0,17.0,0,26,0,2019-12-29,33.06230712180621
1459,26.0,32.0,0,35,0,2019-12-30,34.04943084713747
1460,35.0,26.0,0,27,0,2019-12-31,37.20136398960607
1461,27.0,35.0,0,66,0,2020-01-01,35.439326332777355
1462,66.0,27.0,0,28,0,2020-01-02,54.105060702891876
1463,28.0,66.0,0,47,0,2020-01-03,44.65814949377712
1464,47.0,28.0,0,37,0,2020-01-04,44.2204068373202
1465,37.0,47.0,0,63,0,2020-01-05,44.18288075568
1466,63.0,37.0,0,40,0,2020-01-06,55.32443485562301
1467,40.0,63.0,0,31,0,2020-01-07,50.279169542319835
1468,31.0,40.0,0,41,0,2020-01-08,39.03401895921695
1469,41.0,31.0,0,44,0,2020-01-09,41.882905433759845
1470,44.0,41.0,0,43,0,2020-01-10,46.29390946411406
1471,43.0,44.0,0,66,0,2020-01-11,46.60461352931969
1472,66.0,43.0,0,57,0,2020-01-12,58.6553076330398
1473,57.0,66.0,0,48,0,2020-01-13,60.27196680231387
1474,48.0,57.0,0,46,0,2020-01-14,52.94128005689093
1475,46.0,48.0,0,55,0,2020-01-15,49.36096239250804
1476,55.0,46.0,0,58,0,2020-01-16,53.63131377431377
1477,58.0,55.0,0,25,1,2020-01-17,57.76271324483369
1478,25.0,58.0,0,30,0,2020-01-18,40.92887293957054
1479,30.0,25.0,0,48,0,2020-01-19,34.38841492020493
1480,48.0,30.0,0,57,0,2020-01-20,45.437901325044976
1481,57.0,48.0,0,54,0,2020-01-21,55.30034390353633
1482,54.0,57.0,0,32,0,2020-01-22,56.21714130459337
1483,32.0,54.0,0,28,0,2020-01-23,43.59911076767317
1484,28.0,32.0,0,44,0,2020-01-24,35.31239980229031
1485,44.0,28.0,0,67,0,2020-01-25,42.77391114546752
1486,67.0,44.0,0,65,0,2020-01-26,59.57788276637041
1487,65.0,67.0,0,54,0,2020-01-27,64.94491101668453
1488,54.0,65.0,0,57,0,2020-01-28,58.49992216694727
1489,57.0,54.0,0,43,0,2020-01-29,57.03923044078155
1490,43.0,57.0,0,46,0,2020-01-30,50.384963355484246
1491,46.0,43.0,0,46,0,2020-01-31,48.08545794981569
1492,46.0,46.0,0,78,0,2020-02-01,48.93192902659848
1493,78.0,46.0,0,36,1,2020-02-02,66.0841307943472
1494,36.0,78.0,0,54,0,2020-02-03,52.536919620083886
1495,54.0,36.0,0,32,0,2020-02-04,50.444991712712685
1496,32.0,54.0,0,47,0,2020-02-05,43.6986569323124
1497,47.0,32.0,0,48,0,2020-02-06,45.5915191868954
1498,48.0,47.0,0,53,0,2020-02-07,50.32901199326671
1499,53.0,48.0,0,64,0,2020-02-08,53.29510900826668
1500,64.0,53.0,0,48,0,2020-02-09,60.594226332066675
1501,48.0,64.0,0,55,0,2020-02-10,55.105261702289326
1502,55.0,48.0,0,32,0,2020-02-11,54.389615223260805
1503,32.0,55.0,0,49,0,2020-02-12,44.03186327310628
1504,49.0,32.0,0,35,0,2020-02-13,46.71665499100928
1505,35.0,49.0,0,41,0,2020-02-14,43.97685174339192
1506,41.0,35.0,0,64,0,2020-02-15,43.28464737245481
1507,64.0,41.0,0,102,1,2020-02-16,57.292573395014884
1508,102.0,64.0,0,47,1,2020-02-17,84.090282108415
1509,47.0,102.0,0,34,1,2020-02-18,65.25572714265442
1510,34.0,47.0,0,59,0,2020-02-19,42.920162598545915
1511,59.0,34.0,0,55,0,2020-02-20,52.687136007408924
1512,55.0,59.0,0,36,0,2020-02-21,57.541839354237325
1513,36.0,55.0,0,51,0,2020-02-22,46.25150529221429
1514,51.0,36.0,0,54,0,2020-02-23,48.98318122630012
1515,54.0,51.0,0,25,1,2020-02-24,54.79220805582574
1516,25.0,54.0,0,33,0,2020-02-25,40.101435796871186
1517,33.0,25.0,0,33,0,2020-02-26,36.28669705157415
1518,33.0,33.0,0,30,0,2020-02-27,38.53119092752835
1519,30.0,33.0,0,37,0,2020-02-28,36.93154729007684
1520,37.0,30.0,0,38,0,2020-02-29,39.85076008889399
1521,38.0,37.0,0,65,0,2020-03-01,42.35141641659105
1522,65.0,38.0,0,32,0,2020-03-02,57.10438768628831
1523,32.0,65.0,0,28,0,2020-03-03,46.98105681704793
1524,28.0,32.0,0,45,0,2020-03-04,35.618695693487965
1525,45.0,28.0,0,43,0,2020-03-05,43.61597404824232
1526,43.0,45.0,0,47,0,2020-03-06,47.30537493955076
1527,47.0,43.0,0,54,0,2020-03-07,48.896891263470735
1528,54.0,47.0,0,66,0,2020-03-08,53.77333598112786
1529,66.0,54.0,0,51,0,2020-03-09,62.16742943617356
1530,51.0,66.0,0,51,0,2020-03-10,57.49383637780764
1531,51.0,51.0,0,51,0,2020-03-11,53.30742537757335
1532,51.0,51.0,0,31,0,2020-03-12,53.315082774853295
1533,31.0,51.0,0,38,0,2020-03-13,42.60739994059024
1534,38.0,31.0,0,58,0,2020-03-14,40.7733352222246
1535,58.0,38.0,0,65,0,2020-03-15,53.4535647698875
1536,65.0,58.0,0,36,0,2020-03-16,62.80368244489313
1537,36.0,65.0,0,32,0,2020-03-17,49.231328425275706
1538,32.0,36.0,0,38,0,2020-03-18,38.98738554105287
1539,38.0,32.0,0,36,0,2020-03-19,41.09122676845859
1540,36.0,38.0,0,43,0,2020-03-20,41.70497750158992
1541,43.0,36.0,0,25,0,2020-03-21,44.90379486024135
1542,25.0,43.0,0,32,0,2020-03-22,37.22487796797257
1543,32.0,25.0,0,26,0,2020-03-23,35.95002236927549
1544,26.0,32.0,0,22,0,2020-03-24,34.7003096159325
1545,22.0,26.0,0,35,0,2020-03-25,30.88727160789815
1546,35.0,22.0,0,36,0,2020-03-26,36.74148191634391
1547,36.0,35.0,0,38,0,2020-03-27,40.91976560304667
1548,38.0,36.0,0,42,0,2020-03-28,42.27856158331519
1549,42.0,38.0,0,74,0,2020-03-29,44.98849614657229
1550,74.0,42.0,0,26,1,2020-03-30,63.25911615365815
1551,26.0,74.0,0,26,0,2020-03-31,46.497302909931925
1552,26.0,26.0,0,41,0,2020-04-01,33.08394143516634
1553,41.0,26.0,0,44,0,2020-04-02,41.12810400610353
1554,44.0,41.0,0,47,0,2020-04-03,46.93713083562914
1555,47.0,44.0,0,58,0,2020-04-04,49.390902947143374
1556,58.0,47.0,0,54,0,2020-04-05,56.13081115127481
1557,54.0,58.0,0,49,0,2020-04-06,57.07105066042325
1558,49.0,54.0,0,43,0,2020-04-07,53.281454760480315
1559,43.0,49.0,0,25,0,2020-04-08,48.67648728912595
1560,25.0,43.0,0,18,0,2020-04-09,37.362711119011514
1561,18.0,25.0,0,45,0,2020-04-10,28.587117358234334
1562,45.0,18.0,1,21,0,2020-04-11,36.30627153757136
1563,21.0,45.0,1,46,0,2020-04-12,31.004843772525323
1564,46.0,21.0,1,50,0,2020-04-13,37.69616702321124
1565,50.0,46.0,1,46,0,2020-04-14,46.83700646265683
1566,46.0,50.0,1,33,0,2020-04-15,45.8200140529653
1567,33.0,46.0,1,30,0,2020-04-16,37.74428206040516
1568,30.0,33.0,1,43,0,2020-04-17,32.50977914510799
1569,43.0,30.0,1,42,0,2020-04-18,38.64359401338804
1570,42.0,43.0,1,47,0,2020-04-19,41.750343676936495
1571,47.0,42.0,1,42,0,2020-04-20,44.157231572267904
1572,42.0,47.0,1,27,0,2020-04-21,42.8840767108335
1573,27.0,42.0,1,33,0,2020-04-22,33.45720613528479
1574,33.0,27.0,1,25,0,2020-04-23,32.4853972045134
1575,25.0,33.0,1,44,0,2020-04-24,29.884545868181835
1576,44.0,25.0,1,74,1,2020-04-25,37.83494000675337
1577,74.0,44.0,1,64,0,2020-04-26,59.228094388199146
1578,64.0,74.0,1,41,0,2020-04-27,62.26621846473605
1579,41.0,64.0,1,39,0,2020-04-28,47.15518899739873
1580,39.0,41.0,1,29,0,2020-04-29,39.66040749533589
1581,29.0,39.0,1,44,0,2020-04-30,33.751185657175775
1582,44.0,29.0,1,49,0,2020-05-01,38.99930262977014
1583,49.0,44.0,1,50,0,2020-05-02,45.87986348245006
1584,50.0,49.0,1,47,0,2020-05-03,47.821310690478555
1585,47.0,50.0,1,32,0,2020-05-04,46.50127161286133
1586,32.0,47.0,1,37,0,2020-05-05,37.633610156981185
1587,37.0,32.0,1,22,0,2020-05-06,36.12603421463265
1588,22.0,37.0,1,38,0,2020-05-07,29.495209237426753
1589,38.0,22.0,1,27,0,2020-05-08,33.88107042242686
1590,27.0,38.0,1,23,0,2020-05-09,32.468963649706666
1591,23.0,27.0,1,57,0,2020-05-10,27.257902842500908
1592,57.0,23.0,1,35,0,2020-05-11,44.3632203940668
1593,35.0,57.0,1,51,0,2020-05-12,42.090558571015045
1594,51.0,35.0,1,36,0,2020-05-13,44.51918783717518
1595,36.0,51.0,1,33,0,2020-05-14,40.96401301814638
1596,33.0,36.0,1,16,0,2020-05-15,35.170300983180645
1597,16.0,33.0,1,28,0,2020-05-16,25.2311055041462
1598,28.0,16.0,1,47,0,2020-05-17,26.914689523169145
1599,47.0,28.0,1,32,0,2020-05-18,40.45717485842631
1600,32.0,47.0,1,40,0,2020-05-19,37.74081371890036
1601,40.0,32.0,1,22,0,2020-05-20,37.840538811283274
1602,22.0,40.0,1,45,0,2020-05-21,30.44122647884878
1603,45.0,22.0,1,30,0,2020-05-22,37.738643065386086
1604,30.0,45.0,1,40,0,2020-05-23,36.140700165197266
1605,40.0,30.0,1,78,1,2020-05-24,37.31195928073448
1606,78.0,40.0,1,25,1,2020-05-25,60.47480871628892
1607,25.0,78.0,1,25,0,2020-05-26,42.711787773682644
1608,25.0,25.0,1,43,0,2020-05-27,27.90040349974565
1609,43.0,25.0,1,25,0,2020-05-28,37.55186710541429
1610,25.0,43.0,1,39,0,2020-05-29,32.948600371322605
1611,39.0,25.0,1,54,0,2020-05-30,35.42411385366557
1612,54.0,39.0,1,60,0,2020-05-31,47.382740262282695
1613,60.0,54.0,1,44,0,2020-06-01,54.799068126539765
1614,44.0,60.0,1,31,0,2020-06-02,47.91208069759101
1615,31.0,44.0,1,44,0,2020-06-03,36.48109398701949
1616,44.0,31.0,1,54,0,2020-06-04,39.81886325695672
1617,54.0,44.0,1,49,0,2020-06-05,48.81905004785382
1618,49.0,54.0,1,69,0,2020-06-06,48.94391798559083
1619,69.0,49.0,1,63,0,2020-06-07,58.26889281524235
1620,63.0,69.0,1,44,0,2020-06-08,60.654039339745026
1621,44.0,63.0,1,36,0,2020-06-09,48.80449615805344
1622,36.0,44.0,1,34,0,2020-06-10,39.21353082586483
1623,34.0,36.0,1,40,0,2020-06-11,35.912817721316216
1624,40.0,34.0,1,48,0,2020-06-12,38.57586806839049
1625,48.0,40.0,1,61,0,2020-06-13,44.54728891729332
1626,61.0,48.0,1,65,0,2020-06-14,53.75675394375046
1627,65.0,61.0,1,21,1,2020-06-15,59.54233866518466
1628,21.0,65.0,1,35,0,2020-06-16,37.094665792407156
1629,35.0,21.0,1,55,0,2020-06-17,32.30046071905879
1630,55.0,35.0,1,31,0,2020-06-18,46.937922185561675
1631,31.0,55.0,1,38,0,2020-06-19,39.67926250167565
1632,38.0,31.0,1,43,0,2020-06-20,36.72677954397288
1633,43.0,38.0,1,60,0,2020-06-21,41.37050391797854
1634,60.0,43.0,1,38,0,2020-06-22,51.88422331124143
1635,38.0,60.0,1,35,0,2020-06-23,44.85828397100688
1636,35.0,38.0,1,34,0,2020-06-24,37.10734001720117
1637,34.0,35.0,1,39,0,2020-06-25,35.74041672340112
1638,39.0,34.0,1,39,0,2020-06-26,38.14730461873252
1639,39.0,39.0,1,34,0,2020-06-27,39.552984815183876
1640,34.0,39.0,1,43,0,2020-06-28,36.88180715457807
1641,43.0,34.0,1,52,0,2020-06-29,40.313344856880946
1642,52.0,43.0,1,29,0,2020-06-30,47.65934639686377
1643,29.0,52.0,1,30,0,2020-07-01,37.860803566377804
1644,30.0,29.0,1,49,0,2020-07-02,31.973323099046418
1645,49.0,30.0,1,33,0,2020-07-03,42.44015827612648
1646,33.0,49.0,1,49,0,2020-07-04,39.18803012502338
1647,49.0,33.0,1,49,0,2020-07-05,43.294286750189215
1648,49.0,49.0,1,53,0,2020-07-06,47.77561710481766
1649,53.0,49.0,1,27,0,2020-07-07,49.9263425484062
1650,27.0,53.0,1,41,0,2020-07-08,37.122475884017376
1651,41.0,27.0,1,21,0,2020-07-09,37.36115288768609
1652,21.0,41.0,1,35,0,2020-07-10,30.56793389110298
1653,35.0,21.0,1,32,0,2020-07-11,32.484238253777384
1654,32.0,35.0,1,37,0,2020-07-12,34.799058454005824
1655,37.0,32.0,1,49,0,2020-07-13,36.646737229668666
1656,49.0,37.0,1,31,0,2020-07-14,44.48162156504581
1657,31.0,49.0,1,54,0,2020-07-15,38.20072747194844
1658,54.0,31.0,1,48,0,2020-07-16,45.49814405848575
1659,48.0,54.0,1,38,0,2020-07-17,48.72210426249128
1660,38.0,48.0,1,38,0,2020-07-18,41.69446418499403
1661,38.0,38.0,1,63,0,2020-07-19,38.90607598393115
1662,63.0,38.0,1,63,0,2020-07-20,52.30790867063983
1663,63.0,63.0,1,39,0,2020-07-21,59.30568006377682
1664,39.0,63.0,1,50,0,2020-07-22,46.454929183205174
1665,50.0,39.0,1,34,0,2020-07-23,45.645514271810995
1666,34.0,50.0,1,44,0,2020-07-24,40.156549642033646
1667,44.0,34.0,1,49,0,2020-07-25,41.048204197736574
1668,49.0,44.0,1,44,0,2020-07-26,46.53074225124508
1669,44.0,49.0,1,32,0,2020-07-27,45.25758738981068
1670,32.0,44.0,1,42,0,2020-07-28,37.43801784899342
1671,42.0,32.0,1,23,0,2020-07-29,39.44809064403348
1672,23.0,42.0,1,40,0,2020-07-30,32.072220419690396
1673,40.0,23.0,1,53,0,2020-07-31,35.875430376930524
1674,53.0,40.0,1,64,0,2020-08-01,47.6013364418962
1675,64.0,53.0,1,65,0,2020-08-02,57.13729024437045
1676,65.0,64.0,1,44,0,2020-08-03,60.75636481140464
1677,44.0,65.0,1,41,0,2020-08-04,49.792519525398724
1678,41.0,44.0,1,30,0,2020-08-05,42.3211801314273
1679,30.0,41.0,1,32,0,2020-08-06,35.59658672185575
1680,32.0,30.0,1,38,0,2020-08-07,33.60012798411289
1681,38.0,32.0,1,63,0,2020-08-08,37.381596570524295
1682,63.0,38.0,1,74,0,2020-08-09,52.461056616238665
1683,74.0,63.0,1,47,0,2020-08-10,65.3522651367243
1684,47.0,74.0,1,24,1,2020-08-11,53.9698633795983
1685,24.0,47.0,1,43,0,2020-08-12,34.105556395078196
1686,43.0,24.0,1,40,0,2020-08-13,37.86188213613549
1687,40.0,43.0,1,31,0,2020-08-14,41.57472513553534
1688,31.0,40.0,1,39,0,2020-08-15,35.92166574911809
1689,39.0,31.0,1,35,0,2020-08-16,37.699018200506686
1690,35.0,39.0,1,45,0,2020-08-17,37.80044403015229
1691,45.0,35.0,1,38,0,2020-08-18,42.0473533038666
1692,38.0,45.0,1,44,0,2020-08-19,41.100687218449316
1693,44.0,38.0,1,27,0,2020-08-20,42.36571476635218
1694,27.0,44.0,1,21,0,2020-08-21,34.94296032582626
1695,21.0,27.0,1,48,0,2020-08-22,26.98273813646052
1696,48.0,21.0,1,48,0,2020-08-23,39.778477487317815
1697,48.0,48.0,1,61,0,2020-08-24,47.33545800012336
1698,61.0,48.0,1,28,0,2020-08-25,54.30808654790624
1699,28.0,61.0,1,43,0,2020-08-26,40.27029184098591
1700,43.0,28.0,1,43,0,2020-08-27,39.0875039373918
1701,43.0,43.0,1,61,0,2020-08-28,43.28922973218597
1702,61.0,43.0,1,47,0,2020-08-29,52.9406933378546
1703,47.0,61.0,1,48,0,2020-08-30,50.48049465007152
1704,48.0,47.0,1,47,0,2020-08-31,47.109455221248666
1705,47.0,48.0,1,41,0,2020-09-01,46.86095016678574
1706,41.0,47.0,1,50,0,2020-09-02,43.3744009347685
1707,50.0,41.0,1,51,0,2020-09-03,46.5263340772371
1708,51.0,50.0,1,41,0,2020-09-04,49.58619952460273
1709,41.0,51.0,1,42,0,2020-09-05,44.51579136594546
1710,42.0,41.0,1,61,0,2020-09-06,42.263170176459724
1711,61.0,42.0,1,48,0,2020-09-07,52.730005353539795
1712,48.0,61.0,1,28,0,2020-09-08,51.08517823716815
1713,28.0,48.0,1,46,0,2020-09-09,36.742636125059434
1714,46.0,28.0,1,46,0,2020-09-10,40.80200853404243
1715,46.0,46.0,1,39,0,2020-09-11,45.84254800833945
1716,39.0,46.0,1,61,0,2020-09-12,42.099836324579336
1717,61.0,39.0,1,55,0,2020-09-13,51.93713605771659
1718,55.0,61.0,1,31,0,2020-09-14,54.88149170188784
1719,31.0,55.0,1,42,0,2020-09-15,40.3531134623105
1720,42.0,31.0,1,36,0,2020-09-16,39.543698550916325
1721,36.0,42.0,1,27,0,2020-09-17,39.41240403691047
1722,27.0,36.0,1,51,0,2020-09-18,32.92053097099037
1723,51.0,27.0,1,52,0,2020-09-19,43.27015560761337
1724,52.0,51.0,1,55,0,2020-09-20,50.52408945249323
1725,55.0,52.0,1,29,0,2020-09-21,52.4186524443389
1726,29.0,55.0,1,19,0,2020-09-22,39.33518122011579
1727,19.0,29.0,1,34,0,2020-09-23,26.71544994593291
1728,34.0,19.0,1,51,0,2020-09-24,31.963566918527277
1729,51.0,34.0,1,27,0,2020-09-25,45.273331910132995
1730,27.0,51.0,1,76,1,2020-09-26,37.17585854674413
1731,76.0,27.0,1,94,1,2020-09-27,56.72559007528164
1732,94.0,76.0,1,32,1,2020-09-28,80.07767711283009
1733,32.0,94.0,1,63,0,2020-09-29,51.90066186934382
1734,63.0,32.0,1,72,0,2020-09-30,51.181613915789924
1735,72.0,63.0,1,50,0,2020-10-01,64.67891577212696
1736,50.0,72.0,1,70,0,2020-10-02,55.41613995321814
1737,70.0,50.0,1,62,0,2020-10-03,59.98783726568687
1738,62.0,70.0,1,57,0,2020-10-04,61.30144976703525
1739,57.0,62.0,1,45,0,2020-10-05,56.39343562775519
1740,45.0,57.0,1,46,0,2020-10-06,48.57386608693793
1741,46.0,45.0,1,46,0,2020-10-07,45.76203577778364
1742,46.0,46.0,1,45,0,2020-10-08,46.04929773489786
1743,45.0,46.0,1,40,0,2020-10-09,45.521188120600655
1744,40.0,45.0,1,67,0,2020-10-10,42.570405900160566
1745,67.0,40.0,1,58,0,2020-10-11,55.64574981085214
1746,58.0,67.0,1,51,0,2020-10-12,58.38082721946334
1747,51.0,58.0,1,32,0,2020-10-13,52.121674497194704
1748,32.0,51.0,1,49,0,2020-10-14,39.99252675566883
1749,49.0,32.0,1,52,0,2020-10-15,43.795736712908955
1750,52.0,49.0,1,57,0,2020-10-16,50.163972662103134
1751,57.0,52.0,1,60,0,2020-10-17,53.68927879677167
1752,60.0,57.0,1,55,0,2020-10-18,56.702260027954466
1753,55.0,60.0,1,44,0,2020-10-19,54.86989604685151
1754,44.0,55.0,1,30,0,2020-10-20,47.5860935176114
1755,30.0,44.0,1,38,0,2020-10-21,37.01736259463414
1756,38.0,30.0,1,21,0,2020-10-22,37.39669224685134
1757,21.0,38.0,1,35,0,2020-10-23,30.53314692599399
1758,35.0,21.0,1,58,0,2020-10-24,33.288264968171234
1759,58.0,35.0,1,70,0,2020-10-25,49.53302746940555
1760,70.0,58.0,1,51,0,2020-10-26,62.40079388179978
1761,51.0,70.0,1,45,0,2020-10-27,55.58413277712526
1762,45.0,51.0,1,48,0,2020-10-28,47.06470146809095
1763,48.0,45.0,1,41,0,2020-10-29,47.00203254109665
1764,41.0,48.0,1,32,0,2020-10-30,44.09813453683939
1765,32.0,41.0,1,47,0,2020-10-31,37.32665691108501
1766,47.0,32.0,1,68,0,2020-11-01,42.85437844351366
1767,68.0,47.0,1,57,0,2020-11-02,58.30721148142797
1768,57.0,68.0,1,47,0,2020-11-03,58.293127507879184
1769,47.0,57.0,1,22,0,2020-11-04,49.86746463121054
1770,22.0,47.0,1,46,0,2020-11-05,33.684901140718914
1771,46.0,22.0,1,33,0,2020-11-06,39.5608528199934
1772,33.0,46.0,1,68,0,2020-11-07,39.31404850279316
1773,68.0,33.0,1,81,0,2020-11-08,54.43869202742768
1774,81.0,68.0,1,51,0,2020-11-09,71.19748016941043
1775,51.0,81.0,1,50,0,2020-11-10,58.766986497221545
1776,50.0,51.0,1,38,0,2020-11-11,49.85074008789588
1777,38.0,50.0,1,51,0,2020-11-12,43.14958878641575
1778,51.0,38.0,1,54,0,2020-11-13,46.76696261618725
1779,54.0,51.0,1,53,0,2020-11-14,52.016780326044305
1780,53.0,54.0,1,84,0,2020-11-15,52.32748439124994
1781,84.0,53.0,1,37,1,2020-11-16,68.66431458758723
1782,37.0,84.0,1,53,0,2020-11-17,52.158663795603886
1783,53.0,37.0,1,28,0,2020-11-18,47.59717906590697
1784,28.0,53.0,1,17,0,2020-11-19,38.68433413110668
1785,17.0,28.0,1,55,0,2020-11-20,25.80844040518093
1786,55.0,17.0,1,46,0,2020-11-21,43.09959408421546
1787,46.0,55.0,1,44,0,2020-11-22,48.91032165100377
1788,44.0,46.0,1,53,0,2020-11-23,45.330003986620866
1789,53.0,44.0,1,53,0,2020-11-24,49.60035536842659
1790,53.0,53.0,1,38,0,2020-11-25,52.12445380421507
1791,38.0,53.0,1,51,0,2020-11-26,44.09560602783777
1792,51.0,38.0,1,30,0,2020-11-27,46.874166178106435
1793,30.0,51.0,1,62,0,2020-11-28,39.26557561011189
1794,62.0,30.0,1,46,0,2020-11-29,50.546081621340704
1795,46.0,62.0,1,35,0,2020-11-30,50.928812748083274
1796,35.0,46.0,1,55,0,2020-12-01,40.56936006066606
1797,55.0,35.0,1,40,0,2020-12-02,48.21670753131189
1798,40.0,55.0,1,35,0,2020-12-03,45.77995095162022
1799,35.0,40.0,1,27,0,2020-12-04,38.914704893500186
1800,27.0,35.0,1,48,0,2020-12-05,33.23820339899153
1801,48.0,27.0,1,39,0,2020-12-06,42.260131560717355
1802,39.0,48.0,1,65,0,2020-12-07,43.31758161032286
1803,65.0,39.0,1,45,0,2020-12-08,54.73874027010015
1804,45.0,65.0,1,44,0,2020-12-09,51.30077599152844
1805,44.0,45.0,1,31,0,2020-12-10,45.18057518054559
1806,31.0,44.0,1,46,0,2020-12-11,37.94365686748831
1807,46.0,31.0,1,62,0,2020-12-12,42.352960160579826
1808,62.0,46.0,1,74,0,2020-12-13,55.12695814060839
1809,74.0,62.0,1,46,0,2020-12-14,66.03749263416263
1810,46.0,74.0,1,46,0,2020-12-15,54.398928425293775
1811,46.0,46.0,1,40,0,2020-12-16,46.577658147213825
1812,40.0,46.0,1,36,0,2020-12-17,43.37071347503087
1813,36.0,40.0,1,32,0,2020-12-18,39.55767546699652
1814,32.0,36.0,1,52,0,2020-12-19,36.30384657863073
1815,52.0,32.0,1,53,0,2020-12-20,45.90842596811654
1816,53.0,52.0,1,42,0,2020-12-21,52.04394157365927
1817,42.0,53.0,1,24,0,2020-12-22,46.437766403424845
1818,24.0,42.0,1,36,0,2020-12-23,33.725967434138994
1819,36.0,24.0,1,59,0,2020-12-24,35.129946893327656
1820,59.0,36.0,1,64,0,2020-12-25,50.81550027489342
1821,64.0,59.0,1,41,0,2020-12-26,59.93289760624759
1822,41.0,64.0,1,53,0,2020-12-27,49.015936536424505
1823,53.0,41.0,1,48,0,2020-12-28,49.02189319644176
1824,48.0,53.0,1,42,0,2020-12-29,49.705970253847326
1825,42.0,48.0,1,49,0,2020-12-30,45.10100278249296
1826,49.0,42.0,1,36,0,2020-12-31,47.18140190180726
