,OCORRENCIA_DATA_SEM_HORARIO,OCORRENCIAS_ATENDIDAS
0,2009-01-01,30
1,2009-01-02,81
2,2009-01-03,96
3,2009-01-04,93
4,2009-01-05,59
5,2009-01-06,30
6,2009-01-07,70
7,2009-01-08,61
8,2009-01-09,76
9,2009-01-10,104
10,2009-01-11,77
11,2009-01-12,80
12,2009-01-13,60
13,2009-01-14,64
14,2009-01-15,62
15,2009-01-16,73
16,2009-01-17,109
17,2009-01-18,99
18,2009-01-19,63
19,2009-01-20,56
20,2009-01-21,69
21,2009-01-22,72
22,2009-01-23,66
23,2009-01-24,89
24,2009-01-25,96
25,2009-01-26,52
26,2009-01-27,45
27,2009-01-28,58
28,2009-01-29,63
29,2009-01-30,59
30,2009-01-31,114
31,2009-02-01,91
32,2009-02-02,44
33,2009-02-03,44
34,2009-02-04,45
35,2009-02-05,78
36,2009-02-06,74
37,2009-02-07,83
38,2009-02-08,120
39,2009-02-09,51
40,2009-02-10,61
41,2009-02-11,67
42,2009-02-12,71
43,2009-02-13,88
44,2009-02-14,103
45,2009-02-15,101
46,2009-02-16,53
47,2009-02-17,76
48,2009-02-18,48
49,2009-02-19,59
50,2009-02-20,63
51,2009-02-21,83
52,2009-02-22,90
53,2009-02-23,74
54,2009-02-24,56
55,2009-02-25,40
56,2009-02-26,50
57,2009-02-27,73
58,2009-02-28,85
59,2009-03-01,117
60,2009-03-02,70
61,2009-03-03,64
62,2009-03-04,55
63,2009-03-05,59
64,2009-03-06,63
65,2009-03-07,95
66,2009-03-08,98
67,2009-03-09,50
68,2009-03-10,48
69,2009-03-11,71
70,2009-03-12,58
71,2009-03-13,83
72,2009-03-14,90
73,2009-03-15,95
74,2009-03-16,46
75,2009-03-17,45
76,2009-03-18,29
77,2009-03-19,55
78,2009-03-20,58
79,2009-03-21,93
80,2009-03-22,109
81,2009-03-23,57
82,2009-03-24,62
83,2009-03-25,53
84,2009-03-26,61
85,2009-03-27,61
86,2009-03-28,85
87,2009-03-29,89
88,2009-03-30,62
89,2009-03-31,52
90,2009-04-01,53
91,2009-04-02,53
92,2009-04-03,69
93,2009-04-04,97
94,2009-04-05,112
95,2009-04-06,48
96,2009-04-07,54
97,2009-04-08,57
98,2009-04-09,69
99,2009-04-10,79
100,2009-04-11,56
101,2009-04-12,76
102,2009-04-13,42
103,2009-04-14,55
104,2009-04-15,44
105,2009-04-16,56
106,2009-04-17,70
107,2009-04-18,104
108,2009-04-19,113
109,2009-04-20,60
110,2009-04-21,62
111,2009-04-22,49
112,2009-04-23,60
113,2009-04-24,62
114,2009-04-25,82
115,2009-04-26,81
116,2009-04-27,39
117,2009-04-28,91
118,2009-04-29,47
119,2009-04-30,65
120,2009-05-01,78
121,2009-05-02,74
122,2009-05-03,81
123,2009-05-04,39
124,2009-05-05,65
125,2009-05-06,63
126,2009-05-07,57
127,2009-05-08,77
128,2009-05-09,88
129,2009-05-10,81
130,2009-05-11,57
131,2009-05-12,64
132,2009-05-13,47
133,2009-05-14,45
134,2009-05-15,56
135,2009-05-16,66
136,2009-05-17,87
137,2009-05-18,50
138,2009-05-19,53
139,2009-05-20,38
140,2009-05-21,42
141,2009-05-22,68
142,2009-05-23,85
143,2009-05-24,110
144,2009-05-25,34
145,2009-05-26,35
146,2009-05-27,66
147,2009-05-28,55
148,2009-05-29,49
149,2009-05-30,83
150,2009-05-31,80
151,2009-06-01,49
152,2009-06-02,47
153,2009-06-03,78
154,2009-06-04,49
155,2009-06-05,61
156,2009-06-06,92
157,2009-06-07,77
158,2009-06-08,47
159,2009-06-09,51
160,2009-06-10,34
161,2009-06-11,69
162,2009-06-12,59
163,2009-06-13,66
164,2009-06-14,88
165,2009-06-15,48
166,2009-06-16,52
167,2009-06-17,50
168,2009-06-18,47
169,2009-06-19,60
170,2009-06-20,85
171,2009-06-21,92
172,2009-06-22,44
173,2009-06-23,60
174,2009-06-24,28
175,2009-06-25,47
176,2009-06-26,46
177,2009-06-27,86
178,2009-06-28,70
179,2009-06-29,39
180,2009-06-30,43
181,2009-07-01,48
182,2009-07-02,45
183,2009-07-03,64
184,2009-07-04,80
185,2009-07-05,63
186,2009-07-06,44
187,2009-07-07,60
188,2009-07-08,44
189,2009-07-09,61
190,2009-07-10,45
191,2009-07-11,86
192,2009-07-12,107
193,2009-07-13,48
194,2009-07-14,54
195,2009-07-15,52
196,2009-07-16,52
197,2009-07-17,58
198,2009-07-18,116
199,2009-07-19,145
200,2009-07-20,58
201,2009-07-21,52
202,2009-07-22,49
203,2009-07-23,50
204,2009-07-24,60
205,2009-07-25,90
206,2009-07-26,74
207,2009-07-27,41
208,2009-07-28,57
209,2009-07-29,61
210,2009-07-30,55
211,2009-07-31,64
212,2009-08-01,113
213,2009-08-02,79
214,2009-08-03,38
215,2009-08-04,63
216,2009-08-05,63
217,2009-08-06,70
218,2009-08-07,58
219,2009-08-08,109
220,2009-08-09,89
221,2009-08-10,39
222,2009-08-11,45
223,2009-08-12,43
224,2009-08-13,50
225,2009-08-14,65
226,2009-08-15,84
227,2009-08-16,107
228,2009-08-17,48
229,2009-08-18,40
230,2009-08-19,40
231,2009-08-20,57
232,2009-08-21,51
233,2009-08-22,94
234,2009-08-23,68
235,2009-08-24,36
236,2009-08-25,54
237,2009-08-26,53
238,2009-08-27,49
239,2009-08-28,68
240,2009-08-29,92
241,2009-08-30,97
242,2009-08-31,52
243,2009-09-01,45
244,2009-09-02,62
245,2009-09-03,54
246,2009-09-04,62
247,2009-09-05,91
248,2009-09-06,88
249,2009-09-07,73
250,2009-09-08,55
251,2009-09-09,94
252,2009-09-10,53
253,2009-09-11,74
254,2009-09-12,99
255,2009-09-13,103
256,2009-09-14,49
257,2009-09-15,57
258,2009-09-16,80
259,2009-09-17,73
260,2009-09-18,59
261,2009-09-19,103
262,2009-09-20,112
263,2009-09-21,39
264,2009-09-22,38
265,2009-09-23,101
266,2009-09-24,41
267,2009-09-25,52
268,2009-09-26,101
269,2009-09-27,107
270,2009-09-28,93
271,2009-09-29,41
272,2009-09-30,42
273,2009-10-01,68
274,2009-10-02,71
275,2009-10-03,70
276,2009-10-04,126
277,2009-10-05,35
278,2009-10-06,56
279,2009-10-07,55
280,2009-10-08,45
281,2009-10-09,81
282,2009-10-10,89
283,2009-10-11,119
284,2009-10-12,84
285,2009-10-13,48
286,2009-10-14,47
287,2009-10-15,64
288,2009-10-16,46
289,2009-10-17,91
290,2009-10-18,94
291,2009-10-19,54
292,2009-10-20,54
293,2009-10-21,56
294,2009-10-22,47
295,2009-10-23,56
296,2009-10-24,112
297,2009-10-25,121
298,2009-10-26,55
299,2009-10-27,52
300,2009-10-28,57
301,2009-10-29,80
302,2009-10-30,63
303,2009-10-31,77
304,2009-11-01,108
305,2009-11-02,86
306,2009-11-03,52
307,2009-11-04,58
308,2009-11-05,84
309,2009-11-06,79
310,2009-11-07,96
311,2009-11-08,97
312,2009-11-09,54
313,2009-11-10,51
314,2009-11-11,51
315,2009-11-12,52
316,2009-11-13,77
317,2009-11-14,107
318,2009-11-15,101
319,2009-11-16,41
320,2009-11-17,41
321,2009-11-18,53
322,2009-11-19,156
323,2009-11-20,131
324,2009-11-21,116
325,2009-11-22,126
326,2009-11-23,40
327,2009-11-24,67
328,2009-11-25,66
329,2009-11-26,76
330,2009-11-27,72
331,2009-11-28,104
332,2009-11-29,127
333,2009-11-30,62
334,2009-12-01,69
335,2009-12-02,59
336,2009-12-03,63
337,2009-12-04,69
338,2009-12-05,75
339,2009-12-06,67
340,2009-12-07,51
341,2009-12-08,51
342,2009-12-09,59
343,2009-12-10,56
344,2009-12-11,61
345,2009-12-12,103
346,2009-12-13,108
347,2009-12-14,47
348,2009-12-15,60
349,2009-12-16,68
350,2009-12-17,121
351,2009-12-18,65
352,2009-12-19,98
353,2009-12-20,98
354,2009-12-21,55
355,2009-12-22,68
356,2009-12-23,62
357,2009-12-24,52
358,2009-12-25,51
359,2009-12-26,62
360,2009-12-27,94
361,2009-12-28,49
362,2009-12-29,45
363,2009-12-30,63
364,2009-12-31,35
365,2010-01-01,42
366,2010-01-02,48
367,2010-01-03,47
368,2010-01-04,38
369,2010-01-05,59
370,2010-01-06,51
371,2010-01-07,50
372,2010-01-08,48
373,2010-01-09,71
374,2010-01-10,90
375,2010-01-11,46
376,2010-01-12,65
377,2010-01-13,46
378,2010-01-14,65
379,2010-01-15,68
380,2010-01-16,93
381,2010-01-17,95
382,2010-01-18,62
383,2010-01-19,50
384,2010-01-20,58
385,2010-01-21,77
386,2010-01-22,69
387,2010-01-23,93
388,2010-01-24,113
389,2010-01-25,36
390,2010-01-26,46
391,2010-01-27,51
392,2010-01-28,71
393,2010-01-29,64
394,2010-01-30,98
395,2010-01-31,86
396,2010-02-01,59
397,2010-02-02,56
398,2010-02-03,64
399,2010-02-04,53
400,2010-02-05,76
401,2010-02-06,85
402,2010-02-07,107
403,2010-02-08,38
404,2010-02-09,49
405,2010-02-10,63
406,2010-02-11,48
407,2010-02-12,60
408,2010-02-13,71
409,2010-02-14,65
410,2010-02-15,50
411,2010-02-16,47
412,2010-02-17,34
413,2010-02-18,40
414,2010-02-19,43
415,2010-02-20,84
416,2010-02-21,92
417,2010-02-22,13
418,2010-02-23,5
419,2010-02-24,2
420,2010-02-25,3
421,2010-02-26,7
422,2010-02-27,2
423,2010-02-28,2
424,2010-03-01,9
425,2010-03-02,12
426,2010-03-03,24
427,2010-03-04,49
428,2010-03-05,61
429,2010-03-06,77
430,2010-03-07,68
431,2010-03-08,33
432,2010-03-09,46
433,2010-03-10,47
434,2010-03-11,49
435,2010-03-12,64
436,2010-03-13,82
437,2010-03-14,70
438,2010-03-15,50
439,2010-03-16,43
440,2010-03-17,44
441,2010-03-18,49
442,2010-03-19,55
443,2010-03-20,79
444,2010-03-21,94
445,2010-03-22,36
446,2010-03-23,34
447,2010-03-24,61
448,2010-03-25,49
449,2010-03-26,63
450,2010-03-27,82
451,2010-03-28,87
452,2010-03-29,35
453,2010-03-30,45
454,2010-03-31,44
455,2010-04-01,63
456,2010-04-02,90
457,2010-04-03,94
458,2010-04-04,87
459,2010-04-05,26
460,2010-04-06,35
461,2010-04-07,34
462,2010-04-08,57
463,2010-04-09,60
464,2010-04-10,90
465,2010-04-11,97
466,2010-04-12,47
467,2010-04-13,45
468,2010-04-14,64
469,2010-04-15,56
470,2010-04-16,75
471,2010-04-17,92
472,2010-04-18,115
473,2010-04-19,54
474,2010-04-20,53
475,2010-04-21,67
476,2010-04-22,87
477,2010-04-23,152
478,2010-04-24,83
479,2010-04-25,80
480,2010-04-26,56
481,2010-04-27,50
482,2010-04-28,50
483,2010-04-29,56
484,2010-04-30,79
485,2010-05-01,104
486,2010-05-02,121
487,2010-05-03,52
488,2010-05-04,62
489,2010-05-05,39
490,2010-05-06,46
491,2010-05-07,54
492,2010-05-08,81
493,2010-05-09,78
494,2010-05-10,34
495,2010-05-11,54
496,2010-05-12,51
497,2010-05-13,45
498,2010-05-14,67
499,2010-05-15,82
500,2010-05-16,105
501,2010-05-17,33
502,2010-05-18,40
503,2010-05-19,33
504,2010-05-20,63
505,2010-05-21,64
506,2010-05-22,68
507,2010-05-23,86
508,2010-05-24,47
509,2010-05-25,36
510,2010-05-26,43
511,2010-05-27,59
512,2010-05-28,61
513,2010-05-29,81
514,2010-05-30,80
515,2010-05-31,48
516,2010-06-01,55
517,2010-06-02,58
518,2010-06-03,61
519,2010-06-04,46
520,2010-06-05,92
521,2010-06-06,79
522,2010-06-07,46
523,2010-06-08,52
524,2010-06-09,47
525,2010-06-10,53
526,2010-06-11,47
527,2010-06-12,57
528,2010-06-13,120
529,2010-06-14,34
530,2010-06-15,38
531,2010-06-16,42
532,2010-06-17,37
533,2010-06-18,54
534,2010-06-19,95
535,2010-06-20,74
536,2010-06-21,24
537,2010-06-22,39
538,2010-06-23,46
539,2010-06-24,43
540,2010-06-25,55
541,2010-06-26,95
542,2010-06-27,98
543,2010-06-28,45
544,2010-06-29,42
545,2010-06-30,53
546,2010-07-01,41
547,2010-07-02,71
548,2010-07-03,66
549,2010-07-04,66
550,2010-07-05,47
551,2010-07-06,49
552,2010-07-07,61
553,2010-07-08,55
554,2010-07-09,56
555,2010-07-10,72
556,2010-07-11,120
557,2010-07-12,56
558,2010-07-13,55
559,2010-07-14,50
560,2010-07-15,34
561,2010-07-16,47
562,2010-07-17,54
563,2010-07-18,56
564,2010-07-19,37
565,2010-07-20,62
566,2010-07-21,54
567,2010-07-22,54
568,2010-07-23,60
569,2010-07-24,85
570,2010-07-25,96
571,2010-07-26,38
572,2010-07-27,42
573,2010-07-28,51
574,2010-07-29,41
575,2010-07-30,75
576,2010-07-31,124
577,2010-08-01,82
578,2010-08-02,38
579,2010-08-03,34
580,2010-08-04,36
581,2010-08-05,67
582,2010-08-06,58
583,2010-08-07,89
584,2010-08-08,113
585,2010-08-09,63
586,2010-08-10,34
587,2010-08-11,43
588,2010-08-12,56
589,2010-08-13,74
590,2010-08-14,66
591,2010-08-15,72
592,2010-08-16,33
593,2010-08-17,51
594,2010-08-18,56
595,2010-08-19,51
596,2010-08-20,68
597,2010-08-21,95
598,2010-08-22,73
599,2010-08-23,59
600,2010-08-24,60
601,2010-08-25,67
602,2010-08-26,62
603,2010-08-27,79
604,2010-08-28,78
605,2010-08-29,91
606,2010-08-30,53
607,2010-08-31,53
608,2010-09-01,62
609,2010-09-02,56
610,2010-09-03,68
611,2010-09-04,62
612,2010-09-05,78
613,2010-09-06,47
614,2010-09-07,56
615,2010-09-08,42
616,2010-09-09,57
617,2010-09-10,61
618,2010-09-11,109
619,2010-09-12,75
620,2010-09-13,43
621,2010-09-14,53
622,2010-09-15,57
623,2010-09-16,43
624,2010-09-17,72
625,2010-09-18,81
626,2010-09-19,102
627,2010-09-20,52
628,2010-09-21,45
629,2010-09-22,48
630,2010-09-23,52
631,2010-09-24,73
632,2010-09-25,66
633,2010-09-26,68
634,2010-09-27,51
635,2010-09-28,54
636,2010-09-29,58
637,2010-09-30,70
638,2010-10-01,63
639,2010-10-02,66
640,2010-10-03,51
641,2010-10-04,26
642,2010-10-05,52
643,2010-10-06,48
644,2010-10-07,58
645,2010-10-08,52
646,2010-10-09,66
647,2010-10-10,87
648,2010-10-11,79
649,2010-10-12,84
650,2010-10-13,59
651,2010-10-14,48
652,2010-10-15,54
653,2010-10-16,71
654,2010-10-17,77
655,2010-10-18,62
656,2010-10-19,87
657,2010-10-20,49
658,2010-10-21,58
659,2010-10-22,98
660,2010-10-23,122
661,2010-10-24,84
662,2010-10-25,54
663,2010-10-26,70
664,2010-10-27,65
665,2010-10-28,54
666,2010-10-29,59
667,2010-10-30,70
668,2010-10-31,71
669,2010-11-01,61
670,2010-11-02,63
671,2010-11-03,58
672,2010-11-04,59
673,2010-11-05,62
674,2010-11-06,74
675,2010-11-07,67
676,2010-11-08,69
677,2010-11-09,63
678,2010-11-10,49
679,2010-11-11,71
680,2010-11-12,75
681,2010-11-13,78
682,2010-11-14,66
683,2010-11-15,53
684,2010-11-16,53
685,2010-11-17,57
686,2010-11-18,77
687,2010-11-19,75
688,2010-11-20,93
689,2010-11-21,92
690,2010-11-22,56
691,2010-11-23,55
692,2010-11-24,76
693,2010-11-25,85
694,2010-11-26,74
695,2010-11-27,70
696,2010-11-28,117
697,2010-11-29,53
698,2010-11-30,65
699,2010-12-01,60
700,2010-12-02,69
701,2010-12-03,82
702,2010-12-04,91
703,2010-12-05,98
704,2010-12-06,48
705,2010-12-07,58
706,2010-12-08,51
707,2010-12-09,73
708,2010-12-10,69
709,2010-12-11,95
710,2010-12-12,67
711,2010-12-13,71
712,2010-12-14,49
713,2010-12-15,55
714,2010-12-16,53
715,2010-12-17,61
716,2010-12-18,92
717,2010-12-19,79
718,2010-12-20,54
719,2010-12-21,68
720,2010-12-22,76
721,2010-12-23,60
722,2010-12-24,55
723,2010-12-25,43
724,2010-12-26,69
725,2010-12-27,56
726,2010-12-28,68
727,2010-12-29,67
728,2010-12-30,55
729,2010-12-31,32
730,2011-01-01,44
731,2011-01-02,44
732,2011-01-03,78
733,2011-01-04,57
734,2011-01-05,67
735,2011-01-06,100
736,2011-01-07,71
737,2011-01-08,98
738,2011-01-09,80
739,2011-01-10,56
740,2011-01-11,55
741,2011-01-12,64
742,2011-01-13,58
743,2011-01-14,73
744,2011-01-15,95
745,2011-01-16,97
746,2011-01-17,74
747,2011-01-18,58
748,2011-01-19,74
749,2011-01-20,93
750,2011-01-21,81
751,2011-01-22,123
752,2011-01-23,95
753,2011-01-24,76
754,2011-01-25,74
755,2011-01-26,79
756,2011-01-27,77
757,2011-01-28,66
758,2011-01-29,95
759,2011-01-30,95
760,2011-01-31,85
761,2011-02-01,44
762,2011-02-02,61
763,2011-02-03,60
764,2011-02-04,63
765,2011-02-05,97
766,2011-02-06,72
767,2011-02-07,54
768,2011-02-08,64
769,2011-02-09,55
770,2011-02-10,91
771,2011-02-11,94
772,2011-02-12,155
773,2011-02-13,11
774,2011-02-14,136
775,2011-02-15,89
776,2011-02-16,64
777,2011-02-17,75
778,2011-02-18,83
779,2011-02-19,84
780,2011-02-20,93
781,2011-02-21,59
782,2011-02-22,62
783,2011-02-23,43
784,2011-02-24,61
785,2011-02-25,96
786,2011-02-26,79
787,2011-02-27,108
788,2011-02-28,51
789,2011-03-01,47
790,2011-03-02,53
791,2011-03-03,56
792,2011-03-04,49
793,2011-03-05,50
794,2011-03-06,66
795,2011-03-07,38
796,2011-03-08,61
797,2011-03-09,60
798,2011-03-10,39
799,2011-03-11,52
800,2011-03-12,58
801,2011-03-13,77
802,2011-03-14,46
803,2011-03-15,65
804,2011-03-16,54
805,2011-03-17,45
806,2011-03-18,65
807,2011-03-19,66
808,2011-03-20,48
809,2011-03-21,45
810,2011-03-22,4
811,2011-03-23,46
812,2011-03-24,58
813,2011-03-25,54
814,2011-03-26,62
815,2011-03-27,57
816,2011-03-28,51
817,2011-03-29,51
818,2011-03-30,52
819,2011-03-31,63
820,2011-04-01,85
821,2011-04-02,140
822,2011-04-03,66
823,2011-04-04,37
824,2011-04-05,52
825,2011-04-06,49
826,2011-04-07,46
827,2011-04-08,64
828,2011-04-09,51
829,2011-04-10,49
830,2011-04-11,53
831,2011-04-12,56
832,2011-04-13,54
833,2011-04-14,78
834,2011-04-15,61
835,2011-04-16,61
836,2011-04-17,73
837,2011-04-18,83
838,2011-04-19,94
839,2011-04-20,76
840,2011-04-21,65
841,2011-04-22,46
842,2011-04-23,47
843,2011-04-24,47
844,2011-04-25,55
845,2011-04-26,37
846,2011-04-27,60
847,2011-04-28,48
848,2011-04-29,57
849,2011-04-30,59
850,2011-05-01,63
851,2011-05-02,48
852,2011-05-03,41
853,2011-05-04,40
854,2011-05-05,54
855,2011-05-06,119
856,2011-05-07,79
857,2011-05-08,76
858,2011-05-09,54
859,2011-05-10,85
860,2011-05-11,53
861,2011-05-12,73
862,2011-05-13,74
863,2011-05-14,78
864,2011-05-15,52
865,2011-05-16,44
866,2011-05-17,61
867,2011-05-18,67
868,2011-05-19,72
869,2011-05-20,87
870,2011-05-21,90
871,2011-05-22,77
872,2011-05-23,69
873,2011-05-24,84
874,2011-05-25,69
875,2011-05-26,80
876,2011-05-27,94
877,2011-05-28,81
878,2011-05-29,58
879,2011-05-30,66
880,2011-05-31,86
881,2011-06-01,73
882,2011-06-02,86
883,2011-06-03,89
884,2011-06-04,84
885,2011-06-05,81
886,2011-06-06,78
887,2011-06-07,77
888,2011-06-08,96
889,2011-06-09,107
890,2011-06-10,113
891,2011-06-11,84
892,2011-06-12,105
893,2011-06-13,60
894,2011-06-14,48
895,2011-06-15,60
896,2011-06-16,64
897,2011-06-17,67
898,2011-06-18,62
899,2011-06-19,52
900,2011-06-20,63
901,2011-06-21,51
902,2011-06-22,73
903,2011-06-23,57
904,2011-06-24,32
905,2011-06-25,53
906,2011-06-26,48
907,2011-06-27,48
908,2011-06-28,35
909,2011-06-29,29
910,2011-06-30,46
911,2011-07-01,34
912,2011-07-02,46
913,2011-07-03,39
914,2011-07-04,50
915,2011-07-05,42
916,2011-07-06,50
917,2011-07-07,51
918,2011-07-08,31
919,2011-07-09,54
920,2011-07-10,42
921,2011-07-11,49
922,2011-07-12,49
923,2011-07-13,48
924,2011-07-14,65
925,2011-07-15,63
926,2011-07-16,47
927,2011-07-17,53
928,2011-07-18,37
929,2011-07-19,47
930,2011-07-20,46
931,2011-07-21,54
932,2011-07-22,66
933,2011-07-23,54
934,2011-07-24,59
935,2011-07-25,38
936,2011-07-26,35
937,2011-07-27,41
938,2011-07-28,49
939,2011-07-29,56
940,2011-07-30,42
941,2011-07-31,25
942,2011-08-01,47
943,2011-08-02,38
944,2011-08-03,45
945,2011-08-04,53
946,2011-08-05,40
947,2011-08-06,80
948,2011-08-07,58
949,2011-08-08,39
950,2011-08-09,44
951,2011-08-10,36
952,2011-08-11,42
953,2011-08-12,59
954,2011-08-13,51
955,2011-08-14,50
956,2011-08-15,45
957,2011-08-16,49
958,2011-08-17,55
959,2011-08-18,53
960,2011-08-19,43
961,2011-08-20,53
962,2011-08-21,54
963,2011-08-22,24
964,2011-08-23,28
965,2011-08-24,43
966,2011-08-25,64
967,2011-08-26,73
968,2011-08-27,54
969,2011-08-28,67
970,2011-08-29,49
971,2011-08-30,38
972,2011-08-31,31
973,2011-09-01,49
974,2011-09-02,53
975,2011-09-03,54
976,2011-09-04,62
977,2011-09-05,39
978,2011-09-06,34
979,2011-09-07,32
980,2011-09-08,48
981,2011-09-09,37
982,2011-09-10,52
983,2011-09-11,62
984,2011-09-12,52
985,2011-09-13,53
986,2011-09-14,27
987,2011-09-15,47
988,2011-09-16,55
989,2011-09-17,69
990,2011-09-18,74
991,2011-09-19,39
992,2011-09-20,44
993,2011-09-21,42
994,2011-09-22,59
995,2011-09-23,47
996,2011-09-24,78
997,2011-09-25,55
998,2011-09-26,56
999,2011-09-27,33
1000,2011-09-28,48
1001,2011-09-29,46
1002,2011-09-30,83
1003,2011-10-01,68
1004,2011-10-02,55
1005,2011-10-03,44
1006,2011-10-04,43
1007,2011-10-05,57
1008,2011-10-06,54
1009,2011-10-07,62
1010,2011-10-08,62
1011,2011-10-09,52
1012,2011-10-10,72
1013,2011-10-11,61
1014,2011-10-12,60
1015,2011-10-13,35
1016,2011-10-14,45
1017,2011-10-15,70
1018,2011-10-16,51
1019,2011-10-17,40
1020,2011-10-18,47
1021,2011-10-19,44
1022,2011-10-20,45
1023,2011-10-21,54
1024,2011-10-22,63
1025,2011-10-23,70
1026,2011-10-24,51
1027,2011-10-25,38
1028,2011-10-26,51
1029,2011-10-27,58
1030,2011-10-28,55
1031,2011-10-29,51
1032,2011-10-30,49
1033,2011-10-31,44
1034,2011-11-01,48
1035,2011-11-02,54
1036,2011-11-03,61
1037,2011-11-04,54
1038,2011-11-05,53
1039,2011-11-06,48
1040,2011-11-07,46
1041,2011-11-08,39
1042,2011-11-09,66
1043,2011-11-10,51
1044,2011-11-11,47
1045,2011-11-12,56
1046,2011-11-13,39
1047,2011-11-14,31
1048,2011-11-15,44
1049,2011-11-16,41
1050,2011-11-17,47
1051,2011-11-18,41
1052,2011-11-19,56
1053,2011-11-20,56
1054,2011-11-21,53
1055,2011-11-22,47
1056,2011-11-23,61
1057,2011-11-24,65
1058,2011-11-25,54
1059,2011-11-26,77
1060,2011-11-27,60
1061,2011-11-28,37
1062,2011-11-29,46
1063,2011-11-30,59
1064,2011-12-01,57
1065,2011-12-02,52
1066,2011-12-03,57
1067,2011-12-04,48
1068,2011-12-05,36
1069,2011-12-06,58
1070,2011-12-07,48
1071,2011-12-08,38
1072,2011-12-09,76
1073,2011-12-10,48
1074,2011-12-11,72
1075,2011-12-12,50
1076,2011-12-13,41
1077,2011-12-14,58
1078,2011-12-15,44
1079,2011-12-16,55
1080,2011-12-17,70
1081,2011-12-18,68
1082,2011-12-19,49
1083,2011-12-20,57
1084,2011-12-21,44
1085,2011-12-22,53
1086,2011-12-23,59
1087,2011-12-24,59
1088,2011-12-25,35
1089,2011-12-26,48
1090,2011-12-27,49
1091,2011-12-28,54
1092,2011-12-29,50
1093,2011-12-30,43
1094,2011-12-31,30
1095,2012-01-01,39
1096,2012-01-02,41
1097,2012-01-03,49
1098,2012-01-04,54
1099,2012-01-05,56
1100,2012-01-06,53
1101,2012-01-07,47
1102,2012-01-08,44
1103,2012-01-09,51
1104,2012-01-10,54
1105,2012-01-11,57
1106,2012-01-12,72
1107,2012-01-13,42
1108,2012-01-14,49
1109,2012-01-15,50
1110,2012-01-16,46
1111,2012-01-17,34
1112,2012-01-18,42
1113,2012-01-19,61
1114,2012-01-20,57
1115,2012-01-21,54
1116,2012-01-22,66
1117,2012-01-23,43
1118,2012-01-24,51
1119,2012-01-25,62
1120,2012-01-26,42
1121,2012-01-27,64
1122,2012-01-28,81
1123,2012-01-29,65
1124,2012-01-30,65
1125,2012-01-31,51
1126,2012-02-01,57
1127,2012-02-02,71
1128,2012-02-03,61
1129,2012-02-04,72
1130,2012-02-05,73
1131,2012-02-06,51
1132,2012-02-07,59
1133,2012-02-08,67
1134,2012-02-09,75
1135,2012-02-10,81
1136,2012-02-11,64
1137,2012-02-12,73
1138,2012-02-13,50
1139,2012-02-14,35
1140,2012-02-15,46
1141,2012-02-16,57
1142,2012-02-17,56
1143,2012-02-18,43
1144,2012-02-19,80
1145,2012-02-20,53
1146,2012-02-21,60
1147,2012-02-22,59
1148,2012-02-23,64
1149,2012-02-24,67
1150,2012-02-25,60
1151,2012-02-26,73
1152,2012-02-27,41
1153,2012-02-28,57
1154,2012-02-29,47
1155,2012-03-01,40
1156,2012-03-02,38
1157,2012-03-03,82
1158,2012-03-04,70
1159,2012-03-05,50
1160,2012-03-06,38
1161,2012-03-07,63
1162,2012-03-08,53
1163,2012-03-09,64
1164,2012-03-10,70
1165,2012-03-11,81
1166,2012-03-12,47
1167,2012-03-13,58
1168,2012-03-14,60
1169,2012-03-15,50
1170,2012-03-16,46
1171,2012-03-17,79
1172,2012-03-18,66
1173,2012-03-19,39
1174,2012-03-20,53
1175,2012-03-21,60
1176,2012-03-22,61
1177,2012-03-23,69
1178,2012-03-24,75
1179,2012-03-25,56
1180,2012-03-26,49
1181,2012-03-27,55
1182,2012-03-28,57
1183,2012-03-29,65
1184,2012-03-30,55
1185,2012-03-31,69
1186,2012-04-01,78
1187,2012-04-02,56
1188,2012-04-03,66
1189,2012-04-04,70
1190,2012-04-05,70
1191,2012-04-06,79
1192,2012-04-07,61
1193,2012-04-08,70
1194,2012-04-09,85
1195,2012-04-10,44
1196,2012-04-11,52
1197,2012-04-12,64
1198,2012-04-13,79
1199,2012-04-14,80
1200,2012-04-15,79
1201,2012-04-16,53
1202,2012-04-17,53
1203,2012-04-18,73
1204,2012-04-19,60
1205,2012-04-20,59
1206,2012-04-21,53
1207,2012-04-22,68
1208,2012-04-23,58
1209,2012-04-24,48
1210,2012-04-25,50
1211,2012-04-26,48
1212,2012-04-27,68
1213,2012-04-28,46
1214,2012-04-29,57
1215,2012-04-30,52
1216,2012-05-01,62
1217,2012-05-02,47
1218,2012-05-03,39
1219,2012-05-04,48
1220,2012-05-05,46
1221,2012-05-06,61
1222,2012-05-07,39
1223,2012-05-08,45
1224,2012-05-09,57
1225,2012-05-10,53
1226,2012-05-11,48
1227,2012-05-12,64
1228,2012-05-13,62
1229,2012-05-14,49
1230,2012-05-15,54
1231,2012-05-16,49
1232,2012-05-17,53
1233,2012-05-18,72
1234,2012-05-19,62
1235,2012-05-20,71
1236,2012-05-21,41
1237,2012-05-22,55
1238,2012-05-23,43
1239,2012-05-24,31
1240,2012-05-25,54
1241,2012-05-26,46
1242,2012-05-27,60
1243,2012-05-28,40
1244,2012-05-29,44
1245,2012-05-30,48
1246,2012-05-31,38
1247,2012-06-01,52
1248,2012-06-02,63
1249,2012-06-03,46
1250,2012-06-04,39
1251,2012-06-05,45
1252,2012-06-06,40
1253,2012-06-07,48
1254,2012-06-08,34
1255,2012-06-09,46
1256,2012-06-10,22
1257,2012-06-11,42
1258,2012-06-12,58
1259,2012-06-13,40
1260,2012-06-14,47
1261,2012-06-15,55
1262,2012-06-16,54
1263,2012-06-17,57
1264,2012-06-18,32
1265,2012-06-19,36
1266,2012-06-20,52
1267,2012-06-21,53
1268,2012-06-22,42
1269,2012-06-23,38
1270,2012-06-24,57
1271,2012-06-25,58
1272,2012-06-26,52
1273,2012-06-27,51
1274,2012-06-28,49
1275,2012-06-29,51
1276,2012-06-30,60
1277,2012-07-01,58
1278,2012-07-02,61
1279,2012-07-03,54
1280,2012-07-04,42
1281,2012-07-05,40
1282,2012-07-06,50
1283,2012-07-07,34
1284,2012-07-08,41
1285,2012-07-09,34
1286,2012-07-10,48
1287,2012-07-11,33
1288,2012-07-12,56
1289,2012-07-13,50
1290,2012-07-14,47
1291,2012-07-15,63
1292,2012-07-16,34
1293,2012-07-17,31
1294,2012-07-18,36
1295,2012-07-19,44
1296,2012-07-20,48
1297,2012-07-21,65
1298,2012-07-22,56
1299,2012-07-23,35
1300,2012-07-24,48
1301,2012-07-25,35
1302,2012-07-26,39
1303,2012-07-27,44
1304,2012-07-28,65
1305,2012-07-29,61
1306,2012-07-30,28
1307,2012-07-31,51
1308,2012-08-01,27
1309,2012-08-02,66
1310,2012-08-03,39
1311,2012-08-04,68
1312,2012-08-05,50
1313,2012-08-06,61
1314,2012-08-07,39
1315,2012-08-08,39
1316,2012-08-09,47
1317,2012-08-10,63
1318,2012-08-11,68
1319,2012-08-12,66
1320,2012-08-13,42
1321,2012-08-14,47
1322,2012-08-15,35
1323,2012-08-16,59
1324,2012-08-17,48
1325,2012-08-18,51
1326,2012-08-19,69
1327,2012-08-20,34
1328,2012-08-21,48
1329,2012-08-22,51
1330,2012-08-23,55
1331,2012-08-24,55
1332,2012-08-25,69
1333,2012-08-26,62
1334,2012-08-27,48
1335,2012-08-28,47
1336,2012-08-29,51
1337,2012-08-30,57
1338,2012-08-31,45
1339,2012-09-01,67
1340,2012-09-02,64
1341,2012-09-03,44
1342,2012-09-04,34
1343,2012-09-05,61
1344,2012-09-06,40
1345,2012-09-07,56
1346,2012-09-08,51
1347,2012-09-09,54
1348,2012-09-10,43
1349,2012-09-11,39
1350,2012-09-12,36
1351,2012-09-13,62
1352,2012-09-14,49
1353,2012-09-15,67
1354,2012-09-16,52
1355,2012-09-17,53
1356,2012-09-18,71
1357,2012-09-19,64
1358,2012-09-20,44
1359,2012-09-21,42
1360,2012-09-22,88
1361,2012-09-23,40
1362,2012-09-24,46
1363,2012-09-25,42
1364,2012-09-26,31
1365,2012-09-27,39
1366,2012-09-28,42
1367,2012-09-29,53
1368,2012-09-30,62
1369,2012-10-01,46
1370,2012-10-02,37
1371,2012-10-03,54
1372,2012-10-04,47
1373,2012-10-05,58
1374,2012-10-06,57
1375,2012-10-07,48
1376,2012-10-08,41
1377,2012-10-09,56
1378,2012-10-10,46
1379,2012-10-11,25
1380,2012-10-12,39
1381,2012-10-13,51
1382,2012-10-14,50
1383,2012-10-15,43
1384,2012-10-16,58
1385,2012-10-17,42
1386,2012-10-18,54
1387,2012-10-19,58
1388,2012-10-20,62
1389,2012-10-21,70
1390,2012-10-22,71
1391,2012-10-23,82
1392,2012-10-24,82
1393,2012-10-25,74
1394,2012-10-26,47
1395,2012-10-27,56
1396,2012-10-28,46
1397,2012-10-29,71
1398,2012-10-30,43
1399,2012-10-31,107
1400,2012-11-01,66
1401,2012-11-02,87
1402,2012-11-03,57
1403,2012-11-04,63
1404,2012-11-05,47
1405,2012-11-06,59
1406,2012-11-07,53
1407,2012-11-08,57
1408,2012-11-09,42
1409,2012-11-10,58
1410,2012-11-11,70
1411,2012-11-12,49
1412,2012-11-13,47
1413,2012-11-14,63
1414,2012-11-15,77
1415,2012-11-16,59
1416,2012-11-17,51
1417,2012-11-18,62
1418,2012-11-19,41
1419,2012-11-20,42
1420,2012-11-21,46
1421,2012-11-22,65
1422,2012-11-23,49
1423,2012-11-24,79
1424,2012-11-25,54
1425,2012-11-26,56
1426,2012-11-27,37
1427,2012-11-28,52
1428,2012-11-29,67
1429,2012-11-30,57
1430,2012-12-01,53
1431,2012-12-02,66
1432,2012-12-03,42
1433,2012-12-04,48
1434,2012-12-05,43
1435,2012-12-06,43
1436,2012-12-07,74
1437,2012-12-08,125
1438,2012-12-09,50
1439,2012-12-10,45
1440,2012-12-11,58
1441,2012-12-12,62
1442,2012-12-13,50
1443,2012-12-14,64
1444,2012-12-15,64
1445,2012-12-16,73
1446,2012-12-17,46
1447,2012-12-18,56
1448,2012-12-19,52
1449,2012-12-20,60
1450,2012-12-21,40
1451,2012-12-22,51
1452,2012-12-23,56
1453,2012-12-24,43
1454,2012-12-25,37
1455,2012-12-26,37
1456,2012-12-27,43
1457,2012-12-28,52
1458,2012-12-29,46
1459,2012-12-30,38
1460,2012-12-31,45
1461,2013-01-01,17
1462,2013-01-02,33
1463,2013-01-03,36
1464,2013-01-04,60
1465,2013-01-05,51
1466,2013-01-06,73
1467,2013-01-07,47
1468,2013-01-08,56
1469,2013-01-09,51
1470,2013-01-10,44
1471,2013-01-11,53
1472,2013-01-12,62
1473,2013-01-13,56
1474,2013-01-14,42
1475,2013-01-15,51
1476,2013-01-16,57
1477,2013-01-17,56
1478,2013-01-18,55
1479,2013-01-19,70
1480,2013-01-20,76
1481,2013-01-21,54
1482,2013-01-22,21
1483,2013-01-23,47
1484,2013-01-24,55
1485,2013-01-25,65
1486,2013-01-26,74
1487,2013-01-27,77
1488,2013-01-28,36
1489,2013-01-29,55
1490,2013-01-30,58
1491,2013-01-31,61
1492,2013-02-01,71
1493,2013-02-02,85
1494,2013-02-03,76
1495,2013-02-04,53
1496,2013-02-05,62
1497,2013-02-06,56
1498,2013-02-07,52
1499,2013-02-08,52
1500,2013-02-09,36
1501,2013-02-10,60
1502,2013-02-11,50
1503,2013-02-12,73
1504,2013-02-13,53
1505,2013-02-14,67
1506,2013-02-15,60
1507,2013-02-16,98
1508,2013-02-17,85
1509,2013-02-18,54
1510,2013-02-19,42
1511,2013-02-20,80
1512,2013-02-21,63
1513,2013-02-22,88
1514,2013-02-23,78
1515,2013-02-24,95
1516,2013-02-25,46
1517,2013-02-26,60
1518,2013-02-27,73
1519,2013-02-28,68
1520,2013-03-01,84
1521,2013-03-02,90
1522,2013-03-03,82
1523,2013-03-04,56
1524,2013-03-05,58
1525,2013-03-06,65
1526,2013-03-07,63
1527,2013-03-08,65
1528,2013-03-09,84
1529,2013-03-10,88
1530,2013-03-11,64
1531,2013-03-12,57
1532,2013-03-13,66
1533,2013-03-14,56
1534,2013-03-15,55
1535,2013-03-16,82
1536,2013-03-17,76
1537,2013-03-18,33
1538,2013-03-19,53
1539,2013-03-20,57
1540,2013-03-21,72
1541,2013-03-22,81
1542,2013-03-23,96
1543,2013-03-24,59
1544,2013-03-25,57
1545,2013-03-26,68
1546,2013-03-27,61
1547,2013-03-28,68
1548,2013-03-29,86
1549,2013-03-30,75
1550,2013-03-31,63
1551,2013-04-01,71
1552,2013-04-02,53
1553,2013-04-03,61
1554,2013-04-04,65
1555,2013-04-05,66
1556,2013-04-06,98
1557,2013-04-07,86
1558,2013-04-08,59
1559,2013-04-09,60
1560,2013-04-10,59
1561,2013-04-11,88
1562,2013-04-12,72
1563,2013-04-13,82
1564,2013-04-14,94
1565,2013-04-15,74
1566,2013-04-16,80
1567,2013-04-17,66
1568,2013-04-18,53
1569,2013-04-19,91
1570,2013-04-20,91
1571,2013-04-21,77
1572,2013-04-22,48
1573,2013-04-23,65
1574,2013-04-24,65
1575,2013-04-25,61
1576,2013-04-26,69
1577,2013-04-27,90
1578,2013-04-28,91
1579,2013-04-29,68
1580,2013-04-30,80
1581,2013-05-01,90
1582,2013-05-02,79
1583,2013-05-03,88
1584,2013-05-04,91
1585,2013-05-05,67
1586,2013-05-06,64
1587,2013-05-07,63
1588,2013-05-08,50
1589,2013-05-09,75
1590,2013-05-10,73
1591,2013-05-11,82
1592,2013-05-12,70
1593,2013-05-13,79
1594,2013-05-14,93
1595,2013-05-15,60
1596,2013-05-16,82
1597,2013-05-17,93
1598,2013-05-18,77
1599,2013-05-19,79
1600,2013-05-20,80
1601,2013-05-21,74
1602,2013-05-22,47
1603,2013-05-23,91
1604,2013-05-24,83
1605,2013-05-25,99
1606,2013-05-26,88
1607,2013-05-27,92
1608,2013-05-28,62
1609,2013-05-29,70
1610,2013-05-30,96
1611,2013-05-31,76
1612,2013-06-01,75
1613,2013-06-02,67
1614,2013-06-03,60
1615,2013-06-04,82
1616,2013-06-05,71
1617,2013-06-06,71
1618,2013-06-07,85
1619,2013-06-08,75
1620,2013-06-09,80
1621,2013-06-10,63
1622,2013-06-11,69
1623,2013-06-12,82
1624,2013-06-13,63
1625,2013-06-14,77
1626,2013-06-15,68
1627,2013-06-16,44
1628,2013-06-17,58
1629,2013-06-18,87
1630,2013-06-19,68
1631,2013-06-20,38
1632,2013-06-21,70
1633,2013-06-22,73
1634,2013-06-23,81
1635,2013-06-24,42
1636,2013-06-25,53
1637,2013-06-26,76
1638,2013-06-27,41
1639,2013-06-28,76
1640,2013-06-29,83
1641,2013-06-30,52
1642,2013-07-01,40
1643,2013-07-02,55
1644,2013-07-03,62
1645,2013-07-04,77
1646,2013-07-05,65
1647,2013-07-06,78
1648,2013-07-07,73
1649,2013-07-08,57
1650,2013-07-09,63
1651,2013-07-10,63
1652,2013-07-11,63
1653,2013-07-12,60
1654,2013-07-13,63
1655,2013-07-14,57
1656,2013-07-15,35
1657,2013-07-16,53
1658,2013-07-17,65
1659,2013-07-18,51
1660,2013-07-19,40
1661,2013-07-20,63
1662,2013-07-21,96
1663,2013-07-22,42
1664,2013-07-23,38
1665,2013-07-24,51
1666,2013-07-25,45
1667,2013-07-26,94
1668,2013-07-27,69
1669,2013-07-28,70
1670,2013-07-29,58
1671,2013-07-30,59
1672,2013-07-31,60
1673,2013-08-01,69
1674,2013-08-02,69
1675,2013-08-03,94
1676,2013-08-04,79
1677,2013-08-05,66
1678,2013-08-06,61
1679,2013-08-07,74
1680,2013-08-08,83
1681,2013-08-09,74
1682,2013-08-10,76
1683,2013-08-11,79
1684,2013-08-12,60
1685,2013-08-13,66
1686,2013-08-14,40
1687,2013-08-15,52
1688,2013-08-16,66
1689,2013-08-17,59
1690,2013-08-18,80
1691,2013-08-19,60
1692,2013-08-20,54
1693,2013-08-21,74
1694,2013-08-22,63
1695,2013-08-23,78
1696,2013-08-24,91
1697,2013-08-25,68
1698,2013-08-26,40
1699,2013-08-27,48
1700,2013-08-28,61
1701,2013-08-29,51
1702,2013-08-30,79
1703,2013-08-31,80
1704,2013-09-01,55
1705,2013-09-02,56
1706,2013-09-03,73
1707,2013-09-04,69
1708,2013-09-05,89
1709,2013-09-06,76
1710,2013-09-07,71
1711,2013-09-08,83
1712,2013-09-09,71
1713,2013-09-10,59
1714,2013-09-11,68
1715,2013-09-12,55
1716,2013-09-13,58
1717,2013-09-14,83
1718,2013-09-15,75
1719,2013-09-16,36
1720,2013-09-17,61
1721,2013-09-18,51
1722,2013-09-19,62
1723,2013-09-20,65
1724,2013-09-21,68
1725,2013-09-22,43
1726,2013-09-23,67
1727,2013-09-24,50
1728,2013-09-25,57
1729,2013-09-26,67
1730,2013-09-27,73
1731,2013-09-28,82
1732,2013-09-29,67
1733,2013-09-30,81
1734,2013-10-01,66
1735,2013-10-02,57
1736,2013-10-03,61
1737,2013-10-04,88
1738,2013-10-05,103
1739,2013-10-06,77
1740,2013-10-07,68
1741,2013-10-08,69
1742,2013-10-09,60
1743,2013-10-10,59
1744,2013-10-11,62
1745,2013-10-12,81
1746,2013-10-13,70
1747,2013-10-14,50
1748,2013-10-15,53
1749,2013-10-16,39
1750,2013-10-17,70
1751,2013-10-18,68
1752,2013-10-19,107
1753,2013-10-20,82
1754,2013-10-21,267
1755,2013-10-22,77
1756,2013-10-23,72
1757,2013-10-24,79
1758,2013-10-25,70
1759,2013-10-26,72
1760,2013-10-27,91
1761,2013-10-28,53
1762,2013-10-29,78
1763,2013-10-30,63
1764,2013-10-31,72
1765,2013-11-01,53
1766,2013-11-02,90
1767,2013-11-03,70
1768,2013-11-04,58
1769,2013-11-05,63
1770,2013-11-06,59
1771,2013-11-07,68
1772,2013-11-08,73
1773,2013-11-09,74
1774,2013-11-10,93
1775,2013-11-11,49
1776,2013-11-12,73
1777,2013-11-13,55
1778,2013-11-14,60
1779,2013-11-15,63
1780,2013-11-16,56
1781,2013-11-17,54
1782,2013-11-18,63
1783,2013-11-19,74
1784,2013-11-20,51
1785,2013-11-21,59
1786,2013-11-22,52
1787,2013-11-23,70
1788,2013-11-24,75
1789,2013-11-25,36
1790,2013-11-26,51
1791,2013-11-27,52
1792,2013-11-28,49
1793,2013-11-29,46
1794,2013-11-30,89
1795,2013-12-01,87
1796,2013-12-02,49
1797,2013-12-03,53
1798,2013-12-04,55
1799,2013-12-05,144
1800,2013-12-06,90
1801,2013-12-07,69
1802,2013-12-08,85
1803,2013-12-09,63
1804,2013-12-10,56
1805,2013-12-11,74
1806,2013-12-12,75
1807,2013-12-13,57
1808,2013-12-14,68
1809,2013-12-15,70
1810,2013-12-16,69
1811,2013-12-17,79
1812,2013-12-18,60
1813,2013-12-19,61
1814,2013-12-20,59
1815,2013-12-21,63
1816,2013-12-22,59
1817,2013-12-23,62
1818,2013-12-24,54
1819,2013-12-25,58
1820,2013-12-26,64
1821,2013-12-27,59
1822,2013-12-28,45
1823,2013-12-29,54
1824,2013-12-30,50
1825,2013-12-31,38
1826,2014-01-01,48
1827,2014-01-02,64
1828,2014-01-03,59
1829,2014-01-04,63
1830,2014-01-05,87
1831,2014-01-06,55
1832,2014-01-07,53
1833,2014-01-08,66
1834,2014-01-09,75
1835,2014-01-10,69
1836,2014-01-11,67
1837,2014-01-12,85
1838,2014-01-13,54
1839,2014-01-14,70
1840,2014-01-15,53
1841,2014-01-16,84
1842,2014-01-17,75
1843,2014-01-18,68
1844,2014-01-19,56
1845,2014-01-20,72
1846,2014-01-21,61
1847,2014-01-22,62
1848,2014-01-23,89
1849,2014-01-24,59
1850,2014-01-25,102
1851,2014-01-26,84
1852,2014-01-27,65
1853,2014-01-28,69
1854,2014-01-29,69
1855,2014-01-30,79
1856,2014-01-31,86
1857,2014-02-01,81
1858,2014-02-02,77
1859,2014-02-03,65
1860,2014-02-04,65
1861,2014-02-05,71
1862,2014-02-06,73
1863,2014-02-07,70
1864,2014-02-08,84
1865,2014-02-09,95
1866,2014-02-10,85
1867,2014-02-11,63
1868,2014-02-12,54
1869,2014-02-13,61
1870,2014-02-14,63
1871,2014-02-15,69
1872,2014-02-16,69
1873,2014-02-17,45
1874,2014-02-18,58
1875,2014-02-19,82
1876,2014-02-20,81
1877,2014-02-21,91
1878,2014-02-22,81
1879,2014-02-23,100
1880,2014-02-24,67
1881,2014-02-25,78
1882,2014-02-26,69
1883,2014-02-27,83
1884,2014-02-28,69
1885,2014-03-01,82
1886,2014-03-02,94
1887,2014-03-03,64
1888,2014-03-04,65
1889,2014-03-05,63
1890,2014-03-06,88
1891,2014-03-07,70
1892,2014-03-08,100
1893,2014-03-09,137
1894,2014-03-10,71
1895,2014-03-11,87
1896,2014-03-12,58
1897,2014-03-13,79
1898,2014-03-14,100
1899,2014-03-15,83
1900,2014-03-16,116
1901,2014-03-17,85
1902,2014-03-18,71
1903,2014-03-19,69
1904,2014-03-20,47
1905,2014-03-21,70
1906,2014-03-22,99
1907,2014-03-23,82
1908,2014-03-24,62
1909,2014-03-25,68
1910,2014-03-26,66
1911,2014-03-27,57
1912,2014-03-28,76
1913,2014-03-29,99
1914,2014-03-30,68
1915,2014-03-31,43
1916,2014-04-01,71
1917,2014-04-02,67
1918,2014-04-03,74
1919,2014-04-04,64
1920,2014-04-05,79
1921,2014-04-06,93
1922,2014-04-07,53
1923,2014-04-08,64
1924,2014-04-09,45
1925,2014-04-10,68
1926,2014-04-11,63
1927,2014-04-12,89
1928,2014-04-13,95
1929,2014-04-14,58
1930,2014-04-15,47
1931,2014-04-16,68
1932,2014-04-17,60
1933,2014-04-18,81
1934,2014-04-19,98
1935,2014-04-20,64
1936,2014-04-21,77
1937,2014-04-22,70
1938,2014-04-23,59
1939,2014-04-24,69
1940,2014-04-25,58
1941,2014-04-26,96
1942,2014-04-27,78
1943,2014-04-28,66
1944,2014-04-29,71
1945,2014-04-30,71
1946,2014-05-01,90
1947,2014-05-02,88
1948,2014-05-03,97
1949,2014-05-04,86
1950,2014-05-05,53
1951,2014-05-06,70
1952,2014-05-07,80
1953,2014-05-08,71
1954,2014-05-09,75
1955,2014-05-10,87
1956,2014-05-11,55
1957,2014-05-12,77
1958,2014-05-13,65
1959,2014-05-14,77
1960,2014-05-15,67
1961,2014-05-16,83
1962,2014-05-17,85
1963,2014-05-18,74
1964,2014-05-19,74
1965,2014-05-20,78
1966,2014-05-21,88
1967,2014-05-22,66
1968,2014-05-23,64
1969,2014-05-24,62
1970,2014-05-25,46
1971,2014-05-26,68
1972,2014-05-27,63
1973,2014-05-28,72
1974,2014-05-29,63
1975,2014-05-30,65
1976,2014-05-31,63
1977,2014-06-01,72
1978,2014-06-02,66
1979,2014-06-03,70
1980,2014-06-04,64
1981,2014-06-05,51
1982,2014-06-06,60
1983,2014-06-07,79
1984,2014-06-08,71
1985,2014-06-09,74
1986,2014-06-10,66
1987,2014-06-11,78
1988,2014-06-12,65
1989,2014-06-13,69
1990,2014-06-14,103
1991,2014-06-15,77
1992,2014-06-16,38
1993,2014-06-17,70
1994,2014-06-18,45
1995,2014-06-19,47
1996,2014-06-20,61
1997,2014-06-21,69
1998,2014-06-22,79
1999,2014-06-23,56
2000,2014-06-24,62
2001,2014-06-25,59
2002,2014-06-26,74
2003,2014-06-27,62
2004,2014-06-28,68
2005,2014-06-29,66
2006,2014-06-30,42
2007,2014-07-01,61
2008,2014-07-02,82
2009,2014-07-03,69
2010,2014-07-04,68
2011,2014-07-05,75
2012,2014-07-06,90
2013,2014-07-07,53
2014,2014-07-08,67
2015,2014-07-09,67
2016,2014-07-10,71
2017,2014-07-11,51
2018,2014-07-12,70
2019,2014-07-13,68
2020,2014-07-14,52
2021,2014-07-15,61
2022,2014-07-16,72
2023,2014-07-17,45
2024,2014-07-18,67
2025,2014-07-19,76
2026,2014-07-20,83
2027,2014-07-21,62
2028,2014-07-22,52
2029,2014-07-23,64
2030,2014-07-24,47
2031,2014-07-25,68
2032,2014-07-26,59
2033,2014-07-27,64
2034,2014-07-28,51
2035,2014-07-29,58
2036,2014-07-30,61
2037,2014-07-31,60
2038,2014-08-01,63
2039,2014-08-02,79
2040,2014-08-03,88
2041,2014-08-04,58
2042,2014-08-05,54
2043,2014-08-06,61
2044,2014-08-07,62
2045,2014-08-08,73
2046,2014-08-09,81
2047,2014-08-10,73
2048,2014-08-11,59
2049,2014-08-12,75
2050,2014-08-13,54
2051,2014-08-14,65
2052,2014-08-15,79
2053,2014-08-16,70
2054,2014-08-17,80
2055,2014-08-18,71
2056,2014-08-19,85
2057,2014-08-20,55
2058,2014-08-21,64
2059,2014-08-22,66
2060,2014-08-23,100
2061,2014-08-24,112
2062,2014-08-25,74
2063,2014-08-26,65
2064,2014-08-27,81
2065,2014-08-28,47
2066,2014-08-29,83
2067,2014-08-30,85
2068,2014-08-31,47
2069,2014-09-01,68
2070,2014-09-02,75
2071,2014-09-03,67
2072,2014-09-04,67
2073,2014-09-05,52
2074,2014-09-06,77
2075,2014-09-07,64
2076,2014-09-08,82
2077,2014-09-09,74
2078,2014-09-10,100
2079,2014-09-11,71
2080,2014-09-12,65
2081,2014-09-13,95
2082,2014-09-14,95
2083,2014-09-15,54
2084,2014-09-16,68
2085,2014-09-17,52
2086,2014-09-18,77
2087,2014-09-19,42
2088,2014-09-20,61
2089,2014-09-21,75
2090,2014-09-22,61
2091,2014-09-23,69
2092,2014-09-24,42
2093,2014-09-25,67
2094,2014-09-26,79
2095,2014-09-27,60
2096,2014-09-28,53
2097,2014-09-29,37
2098,2014-09-30,74
2099,2014-10-01,69
2100,2014-10-02,66
2101,2014-10-03,39
2102,2014-10-04,57
2103,2014-10-05,44
2104,2014-10-06,66
2105,2014-10-07,58
2106,2014-10-08,70
2107,2014-10-09,62
2108,2014-10-10,89
2109,2014-10-11,91
2110,2014-10-12,72
2111,2014-10-13,80
2112,2014-10-14,92
2113,2014-10-15,59
2114,2014-10-16,72
2115,2014-10-17,70
2116,2014-10-18,95
2117,2014-10-19,70
2118,2014-10-20,74
2119,2014-10-21,50
2120,2014-10-22,51
2121,2014-10-23,63
2122,2014-10-24,82
2123,2014-10-25,76
2124,2014-10-26,72
2125,2014-10-27,59
2126,2014-10-28,58
2127,2014-10-29,70
2128,2014-10-30,62
2129,2014-10-31,77
2130,2014-11-01,79
2131,2014-11-02,80
2132,2014-11-03,72
2133,2014-11-04,55
2134,2014-11-05,73
2135,2014-11-06,52
2136,2014-11-07,56
2137,2014-11-08,56
2138,2014-11-09,86
2139,2014-11-10,54
2140,2014-11-11,68
2141,2014-11-12,57
2142,2014-11-13,76
2143,2014-11-14,49
2144,2014-11-15,71
2145,2014-11-16,64
2146,2014-11-17,52
2147,2014-11-18,51
2148,2014-11-19,62
2149,2014-11-20,50
2150,2014-11-21,75
2151,2014-11-22,87
2152,2014-11-23,64
2153,2014-11-24,53
2154,2014-11-25,73
2155,2014-11-26,61
2156,2014-11-27,58
2157,2014-11-28,62
2158,2014-11-29,88
2159,2014-11-30,82
2160,2014-12-01,57
2161,2014-12-02,66
2162,2014-12-03,63
2163,2014-12-04,46
2164,2014-12-05,93
2165,2014-12-06,88
2166,2014-12-07,83
2167,2014-12-08,50
2168,2014-12-09,48
2169,2014-12-10,55
2170,2014-12-11,75
2171,2014-12-12,70
2172,2014-12-13,83
2173,2014-12-14,72
2174,2014-12-15,64
2175,2014-12-16,60
2176,2014-12-17,61
2177,2014-12-18,67
2178,2014-12-19,74
2179,2014-12-20,92
2180,2014-12-21,76
2181,2014-12-22,55
2182,2014-12-23,53
2183,2014-12-24,48
2184,2014-12-25,41
2185,2014-12-26,53
2186,2014-12-27,72
2187,2014-12-28,64
2188,2014-12-29,70
2189,2014-12-30,48
2190,2014-12-31,64
2191,2015-01-01,54
2192,2015-01-02,46
2193,2015-01-03,57
2194,2015-01-04,71
2195,2015-01-05,67
2196,2015-01-06,60
2197,2015-01-07,67
2198,2015-01-08,71
2199,2015-01-09,69
2200,2015-01-10,78
2201,2015-01-11,87
2202,2015-01-12,54
2203,2015-01-13,54
2204,2015-01-14,63
2205,2015-01-15,63
2206,2015-01-16,70
2207,2015-01-17,76
2208,2015-01-18,77
2209,2015-01-19,64
2210,2015-01-20,67
2211,2015-01-21,66
2212,2015-01-22,74
2213,2015-01-23,66
2214,2015-01-24,74
2215,2015-01-25,92
2216,2015-01-26,42
2217,2015-01-27,51
2218,2015-01-28,56
2219,2015-01-29,77
2220,2015-01-30,62
2221,2015-01-31,84
2222,2015-02-01,99
2223,2015-02-02,55
2224,2015-02-03,60
2225,2015-02-04,67
2226,2015-02-05,64
2227,2015-02-06,75
2228,2015-02-07,71
2229,2015-02-08,78
2230,2015-02-09,57
2231,2015-02-10,57
2232,2015-02-11,46
2233,2015-02-12,63
2234,2015-02-13,63
2235,2015-02-14,55
2236,2015-02-15,56
2237,2015-02-16,55
2238,2015-02-17,47
2239,2015-02-18,66
2240,2015-02-19,67
2241,2015-02-20,65
2242,2015-02-21,72
2243,2015-02-22,88
2244,2015-02-23,65
2245,2015-02-24,48
2246,2015-02-25,62
2247,2015-02-26,76
2248,2015-02-27,68
2249,2015-02-28,93
2250,2015-03-01,67
2251,2015-03-02,70
2252,2015-03-03,49
2253,2015-03-04,73
2254,2015-03-05,56
2255,2015-03-06,55
2256,2015-03-07,86
2257,2015-03-08,82
2258,2015-03-09,52
2259,2015-03-10,60
2260,2015-03-11,63
2261,2015-03-12,64
2262,2015-03-13,63
2263,2015-03-14,96
2264,2015-03-15,84
2265,2015-03-16,55
2266,2015-03-17,64
2267,2015-03-18,76
2268,2015-03-19,81
2269,2015-03-20,83
2270,2015-03-21,76
2271,2015-03-22,71
2272,2015-03-23,66
2273,2015-03-24,88
2274,2015-03-25,83
2275,2015-03-26,60
2276,2015-03-27,56
2277,2015-03-28,75
2278,2015-03-29,72
2279,2015-03-30,58
2280,2015-03-31,76
2281,2015-04-01,83
2282,2015-04-02,68
2283,2015-04-03,71
2284,2015-04-04,79
2285,2015-04-05,87
2286,2015-04-06,53
2287,2015-04-07,69
2288,2015-04-08,60
2289,2015-04-09,62
2290,2015-04-10,63
2291,2015-04-11,81
2292,2015-04-12,76
2293,2015-04-13,66
2294,2015-04-14,43
2295,2015-04-15,71
2296,2015-04-16,78
2297,2015-04-17,57
2298,2015-04-18,95
2299,2015-04-19,82
2300,2015-04-20,59
2301,2015-04-21,75
2302,2015-04-22,46
2303,2015-04-23,68
2304,2015-04-24,84
2305,2015-04-25,102
2306,2015-04-26,79
2307,2015-04-27,52
2308,2015-04-28,73
2309,2015-04-29,71
2310,2015-04-30,93
2311,2015-05-01,85
2312,2015-05-02,68
2313,2015-05-03,92
2314,2015-05-04,54
2315,2015-05-05,70
2316,2015-05-06,80
2317,2015-05-07,69
2318,2015-05-08,55
2319,2015-05-09,79
2320,2015-05-10,53
2321,2015-05-11,68
2322,2015-05-12,44
2323,2015-05-13,65
2324,2015-05-14,75
2325,2015-05-15,78
2326,2015-05-16,102
2327,2015-05-17,87
2328,2015-05-18,75
2329,2015-05-19,87
2330,2015-05-20,85
2331,2015-05-21,78
2332,2015-05-22,84
2333,2015-05-23,111
2334,2015-05-24,114
2335,2015-05-25,64
2336,2015-05-26,58
2337,2015-05-27,48
2338,2015-05-28,68
2339,2015-05-29,71
2340,2015-05-30,82
2341,2015-05-31,92
2342,2015-06-01,55
2343,2015-06-02,61
2344,2015-06-03,74
2345,2015-06-04,82
2346,2015-06-05,72
2347,2015-06-06,60
2348,2015-06-07,82
2349,2015-06-08,61
2350,2015-06-09,55
2351,2015-06-10,68
2352,2015-06-11,53
2353,2015-06-12,40
2354,2015-06-13,74
2355,2015-06-14,80
2356,2015-06-15,69
2357,2015-06-16,62
2358,2015-06-17,92
2359,2015-06-18,61
2360,2015-06-19,59
2361,2015-06-20,87
2362,2015-06-21,77
2363,2015-06-22,60
2364,2015-06-23,83
2365,2015-06-24,72
2366,2015-06-25,60
2367,2015-06-26,82
2368,2015-06-27,84
2369,2015-06-28,92
2370,2015-06-29,55
2371,2015-06-30,65
2372,2015-07-01,55
2373,2015-07-02,64
2374,2015-07-03,71
2375,2015-07-04,79
2376,2015-07-05,64
2377,2015-07-06,61
2378,2015-07-07,53
2379,2015-07-08,51
2380,2015-07-09,61
2381,2015-07-10,69
2382,2015-07-11,67
2383,2015-07-12,68
2384,2015-07-13,80
2385,2015-07-14,76
2386,2015-07-15,59
2387,2015-07-16,72
2388,2015-07-17,61
2389,2015-07-18,92
2390,2015-07-19,92
2391,2015-07-20,61
2392,2015-07-21,67
2393,2015-07-22,62
2394,2015-07-23,74
2395,2015-07-24,57
2396,2015-07-25,69
2397,2015-07-26,86
2398,2015-07-27,57
2399,2015-07-28,85
2400,2015-07-29,77
2401,2015-07-30,77
2402,2015-07-31,90
2403,2015-08-01,82
2404,2015-08-02,114
2405,2015-08-03,72
2406,2015-08-04,88
2407,2015-08-05,75
2408,2015-08-06,74
2409,2015-08-07,98
2410,2015-08-08,84
2411,2015-08-09,100
2412,2015-08-10,59
2413,2015-08-11,64
2414,2015-08-12,85
2415,2015-08-13,98
2416,2015-08-14,92
2417,2015-08-15,113
2418,2015-08-16,102
2419,2015-08-17,50
2420,2015-08-18,78
2421,2015-08-19,73
2422,2015-08-20,59
2423,2015-08-21,65
2424,2015-08-22,84
2425,2015-08-23,90
2426,2015-08-24,47
2427,2015-08-25,71
2428,2015-08-26,61
2429,2015-08-27,94
2430,2015-08-28,83
2431,2015-08-29,97
2432,2015-08-30,111
2433,2015-08-31,77
2434,2015-09-01,55
2435,2015-09-02,73
2436,2015-09-03,45
2437,2015-09-04,83
2438,2015-09-05,89
2439,2015-09-06,86
2440,2015-09-07,70
2441,2015-09-08,42
2442,2015-09-09,73
2443,2015-09-10,70
2444,2015-09-11,69
2445,2015-09-12,89
2446,2015-09-13,100
2447,2015-09-14,69
2448,2015-09-15,77
2449,2015-09-16,86
2450,2015-09-17,100
2451,2015-09-18,91
2452,2015-09-19,68
2453,2015-09-20,87
2454,2015-09-21,66
2455,2015-09-22,80
2456,2015-09-23,73
2457,2015-09-24,93
2458,2015-09-25,74
2459,2015-09-26,94
2460,2015-09-27,70
2461,2015-09-28,67
2462,2015-09-29,51
2463,2015-09-30,64
2464,2015-10-01,59
2465,2015-10-02,75
2466,2015-10-03,80
2467,2015-10-04,98
2468,2015-10-05,72
2469,2015-10-06,73
2470,2015-10-07,69
2471,2015-10-08,82
2472,2015-10-09,62
2473,2015-10-10,79
2474,2015-10-11,65
2475,2015-10-12,51
2476,2015-10-13,78
2477,2015-10-14,74
2478,2015-10-15,71
2479,2015-10-16,76
2480,2015-10-17,79
2481,2015-10-18,60
2482,2015-10-19,22
2483,2015-10-20,83
2484,2015-10-21,90
2485,2015-10-22,95
2486,2015-10-23,66
2487,2015-10-24,76
2488,2015-10-25,67
2489,2015-10-26,72
2490,2015-10-27,65
2491,2015-10-28,66
2492,2015-10-29,80
2493,2015-10-30,71
2494,2015-10-31,64
2495,2015-11-01,63
2496,2015-11-02,65
2497,2015-11-03,55
2498,2015-11-04,55
2499,2015-11-05,50
2500,2015-11-06,58
2501,2015-11-07,63
2502,2015-11-08,47
2503,2015-11-09,50
2504,2015-11-10,50
2505,2015-11-11,65
2506,2015-11-12,71
2507,2015-11-13,56
2508,2015-11-14,61
2509,2015-11-15,77
2510,2015-11-16,72
2511,2015-11-17,65
2512,2015-11-18,78
2513,2015-11-19,84
2514,2015-11-20,54
2515,2015-11-21,65
2516,2015-11-22,67
2517,2015-11-23,68
2518,2015-11-24,48
2519,2015-11-25,49
2520,2015-11-26,78
2521,2015-11-27,62
2522,2015-11-28,78
2523,2015-11-29,75
2524,2015-11-30,41
2525,2015-12-01,54
2526,2015-12-02,69
2527,2015-12-03,49
2528,2015-12-04,63
2529,2015-12-05,72
2530,2015-12-06,38
2531,2015-12-07,44
2532,2015-12-08,62
2533,2015-12-09,64
2534,2015-12-10,61
2535,2015-12-11,80
2536,2015-12-12,76
2537,2015-12-13,77
2538,2015-12-14,52
2539,2015-12-15,57
2540,2015-12-16,70
2541,2015-12-17,68
2542,2015-12-18,90
2543,2015-12-19,50
2544,2015-12-20,55
2545,2015-12-21,63
2546,2015-12-22,63
2547,2015-12-23,70
2548,2015-12-24,53
2549,2015-12-25,68
2550,2015-12-26,34
2551,2015-12-27,61
2552,2015-12-28,49
2553,2015-12-29,58
2554,2015-12-30,62
2555,2015-12-31,45
2556,2016-01-01,56
2557,2016-01-02,54
2558,2016-01-03,58
2559,2016-01-04,43
2560,2016-01-05,52
2561,2016-01-06,73
2562,2016-01-07,57
2563,2016-01-08,73
2564,2016-01-09,46
2565,2016-01-10,55
2566,2016-01-11,57
2567,2016-01-12,58
2568,2016-01-13,58
2569,2016-01-14,58
2570,2016-01-15,61
2571,2016-01-16,61
2572,2016-01-17,77
2573,2016-01-18,60
2574,2016-01-19,53
2575,2016-01-20,52
2576,2016-01-21,69
2577,2016-01-22,58
2578,2016-01-23,45
2579,2016-01-24,75
2580,2016-01-25,65
2581,2016-01-26,78
2582,2016-01-27,50
2583,2016-01-28,60
2584,2016-01-29,86
2585,2016-01-30,72
2586,2016-01-31,72
2587,2016-02-01,53
2588,2016-02-02,53
2589,2016-02-03,70
2590,2016-02-04,77
2591,2016-02-05,76
2592,2016-02-06,50
2593,2016-02-07,62
2594,2016-02-08,64
2595,2016-02-09,81
2596,2016-02-10,53
2597,2016-02-11,85
2598,2016-02-12,79
2599,2016-02-13,65
2600,2016-02-14,67
2601,2016-02-15,57
2602,2016-02-16,56
2603,2016-02-17,54
2604,2016-02-18,75
2605,2016-02-19,69
2606,2016-02-20,67
2607,2016-02-21,73
2608,2016-02-22,46
2609,2016-02-23,57
2610,2016-02-24,67
2611,2016-02-25,64
2612,2016-02-26,89
2613,2016-02-27,72
2614,2016-02-28,46
2615,2016-02-29,61
2616,2016-03-01,52
2617,2016-03-02,64
2618,2016-03-03,65
2619,2016-03-04,70
2620,2016-03-05,65
2621,2016-03-06,79
2622,2016-03-07,56
2623,2016-03-08,72
2624,2016-03-09,73
2625,2016-03-10,67
2626,2016-03-11,68
2627,2016-03-12,89
2628,2016-03-13,49
2629,2016-03-14,58
2630,2016-03-15,60
2631,2016-03-16,77
2632,2016-03-17,56
2633,2016-03-18,69
2634,2016-03-19,81
2635,2016-03-20,71
2636,2016-03-21,48
2637,2016-03-22,50
2638,2016-03-23,66
2639,2016-03-24,66
2640,2016-03-25,70
2641,2016-03-26,53
2642,2016-03-27,67
2643,2016-03-28,68
2644,2016-03-29,58
2645,2016-03-30,127
2646,2016-03-31,89
2647,2016-04-01,82
2648,2016-04-02,82
2649,2016-04-03,76
2650,2016-04-04,73
2651,2016-04-05,71
2652,2016-04-06,80
2653,2016-04-07,62
2654,2016-04-08,72
2655,2016-04-09,74
2656,2016-04-10,86
2657,2016-04-11,52
2658,2016-04-12,51
2659,2016-04-13,69
2660,2016-04-14,70
2661,2016-04-15,78
2662,2016-04-16,66
2663,2016-04-17,60
2664,2016-04-18,72
2665,2016-04-19,62
2666,2016-04-20,61
2667,2016-04-21,82
2668,2016-04-22,45
2669,2016-04-23,77
2670,2016-04-24,79
2671,2016-04-25,44
2672,2016-04-26,63
2673,2016-04-27,44
2674,2016-04-28,67
2675,2016-04-29,59
2676,2016-04-30,43
2677,2016-05-01,42
2678,2016-05-02,46
2679,2016-05-03,69
2680,2016-05-04,74
2681,2016-05-05,50
2682,2016-05-06,59
2683,2016-05-07,58
2684,2016-05-08,47
2685,2016-05-09,62
2686,2016-05-10,63
2687,2016-05-11,67
2688,2016-05-12,52
2689,2016-05-13,66
2690,2016-05-14,55
2691,2016-05-15,63
2692,2016-05-16,58
2693,2016-05-17,59
2694,2016-05-18,61
2695,2016-05-19,56
2696,2016-05-20,49
2697,2016-05-21,73
2698,2016-05-22,58
2699,2016-05-23,55
2700,2016-05-24,54
2701,2016-05-25,51
2702,2016-05-26,59
2703,2016-05-27,43
2704,2016-05-28,57
2705,2016-05-29,55
2706,2016-05-30,41
2707,2016-05-31,51
2708,2016-06-01,51
2709,2016-06-02,52
2710,2016-06-03,73
2711,2016-06-04,59
2712,2016-06-05,44
2713,2016-06-06,50
2714,2016-06-07,63
2715,2016-06-08,49
2716,2016-06-09,53
2717,2016-06-10,42
2718,2016-06-11,35
2719,2016-06-12,33
2720,2016-06-13,49
2721,2016-06-14,45
2722,2016-06-15,57
2723,2016-06-16,76
2724,2016-06-17,67
2725,2016-06-18,50
2726,2016-06-19,40
2727,2016-06-20,42
2728,2016-06-21,57
2729,2016-06-22,38
2730,2016-06-23,73
2731,2016-06-24,62
2732,2016-06-25,69
2733,2016-06-26,54
2734,2016-06-27,68
2735,2016-06-28,59
2736,2016-06-29,76
2737,2016-06-30,48
2738,2016-07-01,59
2739,2016-07-02,70
2740,2016-07-03,55
2741,2016-07-04,57
2742,2016-07-05,59
2743,2016-07-06,68
2744,2016-07-07,57
2745,2016-07-08,47
2746,2016-07-09,52
2747,2016-07-10,59
2748,2016-07-11,55
2749,2016-07-12,66
2750,2016-07-13,45
2751,2016-07-14,43
2752,2016-07-15,50
2753,2016-07-16,62
2754,2016-07-17,40
2755,2016-07-18,48
2756,2016-07-19,53
2757,2016-07-20,67
2758,2016-07-21,53
2759,2016-07-22,68
2760,2016-07-23,68
2761,2016-07-24,56
2762,2016-07-25,54
2763,2016-07-26,52
2764,2016-07-27,72
2765,2016-07-28,63
2766,2016-07-29,58
2767,2016-07-30,64
2768,2016-07-31,54
2769,2016-08-01,43
2770,2016-08-02,40
2771,2016-08-03,49
2772,2016-08-04,55
2773,2016-08-05,66
2774,2016-08-06,40
2775,2016-08-07,57
2776,2016-08-08,44
2777,2016-08-09,57
2778,2016-08-10,49
2779,2016-08-11,53
2780,2016-08-12,62
2781,2016-08-13,57
2782,2016-08-14,56
2783,2016-08-15,54
2784,2016-08-16,53
2785,2016-08-17,63
2786,2016-08-18,44
2787,2016-08-19,52
2788,2016-08-20,38
2789,2016-08-21,42
2790,2016-08-22,45
2791,2016-08-23,47
2792,2016-08-24,68
2793,2016-08-25,59
2794,2016-08-26,66
2795,2016-08-27,67
2796,2016-08-28,76
2797,2016-08-29,83
2798,2016-08-30,58
2799,2016-08-31,59
2800,2016-09-01,64
2801,2016-09-02,84
2802,2016-09-03,63
2803,2016-09-04,52
2804,2016-09-05,58
2805,2016-09-06,42
2806,2016-09-07,57
2807,2016-09-08,43
2808,2016-09-09,62
2809,2016-09-10,56
2810,2016-09-11,62
2811,2016-09-12,68
2812,2016-09-13,50
2813,2016-09-14,55
2814,2016-09-15,51
2815,2016-09-16,63
2816,2016-09-17,67
2817,2016-09-18,68
2818,2016-09-19,53
2819,2016-09-20,45
2820,2016-09-21,60
2821,2016-09-22,48
2822,2016-09-23,59
2823,2016-09-24,66
2824,2016-09-25,59
2825,2016-09-26,54
2826,2016-09-27,66
2827,2016-09-28,57
2828,2016-09-29,44
2829,2016-09-30,65
2830,2016-10-01,66
2831,2016-10-02,33
2832,2016-10-03,65
2833,2016-10-04,54
2834,2016-10-05,58
2835,2016-10-06,48
2836,2016-10-07,50
2837,2016-10-08,46
2838,2016-10-09,54
2839,2016-10-10,49
2840,2016-10-11,37
2841,2016-10-12,67
2842,2016-10-13,36
2843,2016-10-14,58
2844,2016-10-15,60
2845,2016-10-16,76
2846,2016-10-17,71
2847,2016-10-18,50
2848,2016-10-19,55
2849,2016-10-20,69
2850,2016-10-21,50
2851,2016-10-22,62
2852,2016-10-23,73
2853,2016-10-24,50
2854,2016-10-25,51
2855,2016-10-26,53
2856,2016-10-27,79
2857,2016-10-28,51
2858,2016-10-29,60
2859,2016-10-30,49
2860,2016-10-31,54
2861,2016-11-01,56
2862,2016-11-02,55
2863,2016-11-03,61
2864,2016-11-04,42
2865,2016-11-05,57
2866,2016-11-06,50
2867,2016-11-07,63
2868,2016-11-08,53
2869,2016-11-09,42
2870,2016-11-10,46
2871,2016-11-11,71
2872,2016-11-12,49
2873,2016-11-13,58
2874,2016-11-14,57
2875,2016-11-15,61
2876,2016-11-16,51
2877,2016-11-17,59
2878,2016-11-18,52
2879,2016-11-19,47
2880,2016-11-20,49
2881,2016-11-21,54
2882,2016-11-22,48
2883,2016-11-23,57
2884,2016-11-24,64
2885,2016-11-25,57
2886,2016-11-26,73
2887,2016-11-27,59
2888,2016-11-28,61
2889,2016-11-29,53
2890,2016-11-30,47
2891,2016-12-01,56
2892,2016-12-02,60
2893,2016-12-03,41
2894,2016-12-04,61
2895,2016-12-05,57
2896,2016-12-06,49
2897,2016-12-07,66
2898,2016-12-08,48
2899,2016-12-09,41
2900,2016-12-10,47
2901,2016-12-11,67
2902,2016-12-12,58
2903,2016-12-13,43
2904,2016-12-14,50
2905,2016-12-15,43
2906,2016-12-16,49
2907,2016-12-17,56
2908,2016-12-18,38
2909,2016-12-19,48
2910,2016-12-20,49
2911,2016-12-21,46
2912,2016-12-22,67
2913,2016-12-23,54
2914,2016-12-24,35
2915,2016-12-25,53
2916,2016-12-26,50
2917,2016-12-27,57
2918,2016-12-28,55
2919,2016-12-29,49
2920,2016-12-30,37
2921,2016-12-31,51
2922,2017-01-01,39
2923,2017-01-02,50
2924,2017-01-03,57
2925,2017-01-04,74
2926,2017-01-05,56
2927,2017-01-06,69
2928,2017-01-07,53
2929,2017-01-08,55
2930,2017-01-09,63
2931,2017-01-10,52
2932,2017-01-11,69
2933,2017-01-12,81
2934,2017-01-13,76
2935,2017-01-14,60
2936,2017-01-15,72
2937,2017-01-16,84
2938,2017-01-17,64
2939,2017-01-18,77
2940,2017-01-19,67
2941,2017-01-20,76
2942,2017-01-21,72
2943,2017-01-22,45
2944,2017-01-23,78
2945,2017-01-24,59
2946,2017-01-25,66
2947,2017-01-26,85
2948,2017-01-27,59
2949,2017-01-28,80
2950,2017-01-29,52
2951,2017-01-30,72
2952,2017-01-31,52
2953,2017-02-01,59
2954,2017-02-02,50
2955,2017-02-03,78
2956,2017-02-04,84
2957,2017-02-05,83
2958,2017-02-06,52
2959,2017-02-07,64
2960,2017-02-08,58
2961,2017-02-09,68
2962,2017-02-10,64
2963,2017-02-11,71
2964,2017-02-12,50
2965,2017-02-13,64
2966,2017-02-14,66
2967,2017-02-15,65
2968,2017-02-16,47
2969,2017-02-17,75
2970,2017-02-18,65
2971,2017-02-19,82
2972,2017-02-20,58
2973,2017-02-21,84
2974,2017-02-22,62
2975,2017-02-23,62
2976,2017-02-24,51
2977,2017-02-25,61
2978,2017-02-26,47
2979,2017-02-27,55
2980,2017-02-28,40
2981,2017-03-01,52
2982,2017-03-02,63
2983,2017-03-03,65
2984,2017-03-04,62
2985,2017-03-05,66
2986,2017-03-06,44
2987,2017-03-07,69
2988,2017-03-08,82
2989,2017-03-09,79
2990,2017-03-10,55
2991,2017-03-11,48
2992,2017-03-12,41
2993,2017-03-13,81
2994,2017-03-14,61
2995,2017-03-15,45
2996,2017-03-16,61
2997,2017-03-17,40
2998,2017-03-18,48
2999,2017-03-19,60
3000,2017-03-20,57
3001,2017-03-21,57
3002,2017-03-22,47
3003,2017-03-23,69
3004,2017-03-24,50
3005,2017-03-25,61
3006,2017-03-26,58
3007,2017-03-27,45
3008,2017-03-28,62
3009,2017-03-29,53
3010,2017-03-30,53
3011,2017-03-31,72
3012,2017-04-01,72
3013,2017-04-02,74
3014,2017-04-03,58
3015,2017-04-04,61
3016,2017-04-05,53
3017,2017-04-06,54
3018,2017-04-07,66
3019,2017-04-08,69
3020,2017-04-09,57
3021,2017-04-10,72
3022,2017-04-11,72
3023,2017-04-12,54
3024,2017-04-13,59
3025,2017-04-14,73
3026,2017-04-15,51
3027,2017-04-16,48
3028,2017-04-17,57
3029,2017-04-18,73
3030,2017-04-19,66
3031,2017-04-20,71
3032,2017-04-21,61
3033,2017-04-22,67
3034,2017-04-23,60
3035,2017-04-24,49
3036,2017-04-25,58
3037,2017-04-26,71
3038,2017-04-27,53
3039,2017-04-28,40
3040,2017-04-29,59
3041,2017-04-30,66
3042,2017-05-01,51
3043,2017-05-02,67
3044,2017-05-03,74
3045,2017-05-04,63
3046,2017-05-05,51
3047,2017-05-06,76
3048,2017-05-07,81
3049,2017-05-08,57
3050,2017-05-09,73
3051,2017-05-10,60
3052,2017-05-11,68
3053,2017-05-12,58
3054,2017-05-13,71
3055,2017-05-14,57
3056,2017-05-15,57
3057,2017-05-16,58
3058,2017-05-17,56
3059,2017-05-18,47
3060,2017-05-19,55
3061,2017-05-20,67
3062,2017-05-21,48
3063,2017-05-22,65
3064,2017-05-23,70
3065,2017-05-24,82
3066,2017-05-25,66
3067,2017-05-26,70
3068,2017-05-27,76
3069,2017-05-28,73
3070,2017-05-29,71
3071,2017-05-30,65
3072,2017-05-31,48
3073,2017-06-01,59
3074,2017-06-02,62
3075,2017-06-03,71
3076,2017-06-04,70
3077,2017-06-05,51
3078,2017-06-06,69
3079,2017-06-07,65
3080,2017-06-08,82
3081,2017-06-09,65
3082,2017-06-10,56
3083,2017-06-11,49
3084,2017-06-12,45
3085,2017-06-13,48
3086,2017-06-14,59
3087,2017-06-15,71
3088,2017-06-16,58
3089,2017-06-17,72
3090,2017-06-18,67
3091,2017-06-19,46
3092,2017-06-20,45
3093,2017-06-21,55
3094,2017-06-22,55
3095,2017-06-23,60
3096,2017-06-24,58
3097,2017-06-25,75
3098,2017-06-26,38
3099,2017-06-27,50
3100,2017-06-28,63
3101,2017-06-29,70
3102,2017-06-30,53
3103,2017-07-01,66
3104,2017-07-02,46
3105,2017-07-03,45
3106,2017-07-04,45
3107,2017-07-05,60
3108,2017-07-06,61
3109,2017-07-07,58
3110,2017-07-08,55
3111,2017-07-09,67
3112,2017-07-10,58
3113,2017-07-11,56
3114,2017-07-12,50
3115,2017-07-13,48
3116,2017-07-14,48
3117,2017-07-15,71
3118,2017-07-16,64
3119,2017-07-17,46
3120,2017-07-18,46
3121,2017-07-19,53
3122,2017-07-20,55
3123,2017-07-21,52
3124,2017-07-22,48
3125,2017-07-23,69
3126,2017-07-24,56
3127,2017-07-25,59
3128,2017-07-26,46
3129,2017-07-27,51
3130,2017-07-28,88
3131,2017-07-29,63
3132,2017-07-30,46
3133,2017-07-31,61
3134,2017-08-01,55
3135,2017-08-02,58
3136,2017-08-03,58
3137,2017-08-04,69
3138,2017-08-05,67
3139,2017-08-06,71
3140,2017-08-07,69
3141,2017-08-08,75
3142,2017-08-09,58
3143,2017-08-10,68
3144,2017-08-11,55
3145,2017-08-12,64
3146,2017-08-13,60
3147,2017-08-14,48
3148,2017-08-15,48
3149,2017-08-16,72
3150,2017-08-17,54
3151,2017-08-18,65
3152,2017-08-19,44
3153,2017-08-20,53
3154,2017-08-21,34
3155,2017-08-22,37
3156,2017-08-23,59
3157,2017-08-24,56
3158,2017-08-25,38
3159,2017-08-26,65
3160,2017-08-27,59
3161,2017-08-28,68
3162,2017-08-29,45
3163,2017-08-30,63
3164,2017-08-31,57
3165,2017-09-01,70
3166,2017-09-02,63
3167,2017-09-03,54
3168,2017-09-04,73
3169,2017-09-05,49
3170,2017-09-06,53
3171,2017-09-07,58
3172,2017-09-08,60
3173,2017-09-09,55
3174,2017-09-10,77
3175,2017-09-11,61
3176,2017-09-12,61
3177,2017-09-13,57
3178,2017-09-14,63
3179,2017-09-15,74
3180,2017-09-16,72
3181,2017-09-17,73
3182,2017-09-18,54
3183,2017-09-19,59
3184,2017-09-20,72
3185,2017-09-21,68
3186,2017-09-22,55
3187,2017-09-23,59
3188,2017-09-24,64
3189,2017-09-25,76
3190,2017-09-26,61
3191,2017-09-27,56
3192,2017-09-28,57
3193,2017-09-29,47
3194,2017-09-30,53
3195,2017-10-01,100
3196,2017-10-02,56
3197,2017-10-03,75
3198,2017-10-04,56
3199,2017-10-05,73
3200,2017-10-06,54
3201,2017-10-07,51
3202,2017-10-08,56
3203,2017-10-09,48
3204,2017-10-10,64
3205,2017-10-11,53
3206,2017-10-12,49
3207,2017-10-13,68
3208,2017-10-14,63
3209,2017-10-15,61
3210,2017-10-16,48
3211,2017-10-17,59
3212,2017-10-18,76
3213,2017-10-19,70
3214,2017-10-20,59
3215,2017-10-21,74
3216,2017-10-22,56
3217,2017-10-23,70
3218,2017-10-24,58
3219,2017-10-25,60
3220,2017-10-26,43
3221,2017-10-27,49
3222,2017-10-28,56
3223,2017-10-29,48
3224,2017-10-30,43
3225,2017-10-31,56
3226,2017-11-01,64
3227,2017-11-02,66
3228,2017-11-03,44
3229,2017-11-04,52
3230,2017-11-05,64
3231,2017-11-06,66
3232,2017-11-07,54
3233,2017-11-08,65
3234,2017-11-09,49
3235,2017-11-10,66
3236,2017-11-11,63
3237,2017-11-12,73
3238,2017-11-13,55
3239,2017-11-14,80
3240,2017-11-15,78
3241,2017-11-16,92
3242,2017-11-17,74
3243,2017-11-18,59
3244,2017-11-19,82
3245,2017-11-20,65
3246,2017-11-21,50
3247,2017-11-22,63
3248,2017-11-23,52
3249,2017-11-24,71
3250,2017-11-25,51
3251,2017-11-26,66
3252,2017-11-27,65
3253,2017-11-28,57
3254,2017-11-29,72
3255,2017-11-30,67
3256,2017-12-01,48
3257,2017-12-02,70
3258,2017-12-03,75
3259,2017-12-04,68
3260,2017-12-05,65
3261,2017-12-06,60
3262,2017-12-07,56
3263,2017-12-08,59
3264,2017-12-09,65
3265,2017-12-10,66
3266,2017-12-11,53
3267,2017-12-12,56
3268,2017-12-13,65
3269,2017-12-14,46
3270,2017-12-15,53
3271,2017-12-16,51
3272,2017-12-17,52
3273,2017-12-18,61
3274,2017-12-19,51
3275,2017-12-20,67
3276,2017-12-21,53
3277,2017-12-22,67
3278,2017-12-23,65
3279,2017-12-24,56
3280,2017-12-25,48
3281,2017-12-26,66
3282,2017-12-27,50
3283,2017-12-28,58
3284,2017-12-29,46
3285,2017-12-30,49
3286,2017-12-31,34
3287,2018-01-01,33
3288,2018-01-02,45
3289,2018-01-03,47
3290,2018-01-04,67
3291,2018-01-05,61
3292,2018-01-06,63
3293,2018-01-07,51
3294,2018-01-08,60
3295,2018-01-09,36
3296,2018-01-10,45
3297,2018-01-11,63
3298,2018-01-12,67
3299,2018-01-13,62
3300,2018-01-14,65
3301,2018-01-15,62
3302,2018-01-16,78
3303,2018-01-17,68
3304,2018-01-18,68
3305,2018-01-19,77
3306,2018-01-20,90
3307,2018-01-21,74
3308,2018-01-22,68
3309,2018-01-23,54
3310,2018-01-24,78
3311,2018-01-25,75
3312,2018-01-26,47
3313,2018-01-27,63
3314,2018-01-28,71
3315,2018-01-29,55
3316,2018-01-30,59
3317,2018-01-31,67
3318,2018-02-01,68
3319,2018-02-02,47
3320,2018-02-03,49
3321,2018-02-04,70
3322,2018-02-05,64
3323,2018-02-06,51
3324,2018-02-07,50
3325,2018-02-08,60
3326,2018-02-09,51
3327,2018-02-10,54
3328,2018-02-11,64
3329,2018-02-12,43
3330,2018-02-13,39
3331,2018-02-14,40
3332,2018-02-15,60
3333,2018-02-16,65
3334,2018-02-17,57
3335,2018-02-18,79
3336,2018-02-19,57
3337,2018-02-20,48
3338,2018-02-21,61
3339,2018-02-22,53
3340,2018-02-23,52
3341,2018-02-24,63
3342,2018-02-25,57
3343,2018-02-26,63
3344,2018-02-27,48
3345,2018-02-28,56
3346,2018-03-01,48
3347,2018-03-02,62
3348,2018-03-03,138
3349,2018-03-04,100
3350,2018-03-05,60
3351,2018-03-06,55
3352,2018-03-07,52
3353,2018-03-08,66
3354,2018-03-09,64
3355,2018-03-10,54
3356,2018-03-11,73
3357,2018-03-12,62
3358,2018-03-13,76
3359,2018-03-14,82
3360,2018-03-15,52
3361,2018-03-16,73
3362,2018-03-17,63
3363,2018-03-18,85
3364,2018-03-19,75
3365,2018-03-20,67
3366,2018-03-21,52
3367,2018-03-22,75
3368,2018-03-23,78
3369,2018-03-24,74
3370,2018-03-25,49
3371,2018-03-26,55
3372,2018-03-27,66
3373,2018-03-28,61
3374,2018-03-29,58
3375,2018-03-30,68
3376,2018-03-31,43
3377,2018-04-01,68
3378,2018-04-02,69
3379,2018-04-03,70
3380,2018-04-04,60
3381,2018-04-05,56
3382,2018-04-06,71
3383,2018-04-07,76
3384,2018-04-08,53
3385,2018-04-09,62
3386,2018-04-10,54
3387,2018-04-11,56
3388,2018-04-12,53
3389,2018-04-13,66
3390,2018-04-14,55
3391,2018-04-15,65
3392,2018-04-16,44
3393,2018-04-17,62
3394,2018-04-18,73
3395,2018-04-19,64
3396,2018-04-20,76
3397,2018-04-21,66
3398,2018-04-22,60
3399,2018-04-23,72
3400,2018-04-24,66
3401,2018-04-25,79
3402,2018-04-26,59
3403,2018-04-27,78
3404,2018-04-28,66
3405,2018-04-29,80
3406,2018-04-30,49
3407,2018-05-01,76
3408,2018-05-02,69
3409,2018-05-03,79
3410,2018-05-04,76
3411,2018-05-05,86
3412,2018-05-06,72
3413,2018-05-07,54
3414,2018-05-08,49
3415,2018-05-09,72
3416,2018-05-10,65
3417,2018-05-11,63
3418,2018-05-12,51
3419,2018-05-13,68
3420,2018-05-14,53
3421,2018-05-15,70
3422,2018-05-16,57
3423,2018-05-17,81
3424,2018-05-18,61
3425,2018-05-19,63
3426,2018-05-20,47
3427,2018-05-21,57
3428,2018-05-22,58
3429,2018-05-23,61
3430,2018-05-24,79
3431,2018-05-25,68
3432,2018-05-26,59
3433,2018-05-27,63
3434,2018-05-28,45
3435,2018-05-29,55
3436,2018-05-30,58
3437,2018-05-31,70
3438,2018-06-01,44
3439,2018-06-02,43
3440,2018-06-03,34
3441,2018-06-04,42
3442,2018-06-05,49
3443,2018-06-06,65
3444,2018-06-07,45
3445,2018-06-08,59
3446,2018-06-09,58
3447,2018-06-10,48
3448,2018-06-11,62
3449,2018-06-12,50
3450,2018-06-13,51
3451,2018-06-14,60
3452,2018-06-15,50
3453,2018-06-16,48
3454,2018-06-17,44
3455,2018-06-18,56
3456,2018-06-19,55
3457,2018-06-20,61
3458,2018-06-21,67
3459,2018-06-22,71
3460,2018-06-23,66
3461,2018-06-24,65
3462,2018-06-25,55
3463,2018-06-26,74
3464,2018-06-27,61
3465,2018-06-28,71
3466,2018-06-29,65
3467,2018-06-30,75
3468,2018-07-01,62
3469,2018-07-02,59
3470,2018-07-03,58
3471,2018-07-04,47
3472,2018-07-05,81
3473,2018-07-06,60
3474,2018-07-07,66
3475,2018-07-08,69
3476,2018-07-09,46
3477,2018-07-10,79
3478,2018-07-11,73
3479,2018-07-12,64
3480,2018-07-13,55
3481,2018-07-14,62
3482,2018-07-15,52
3483,2018-07-16,49
3484,2018-07-17,65
3485,2018-07-18,74
3486,2018-07-19,74
3487,2018-07-20,83
3488,2018-07-21,62
3489,2018-07-22,55
3490,2018-07-23,67
3491,2018-07-24,62
3492,2018-07-25,82
3493,2018-07-26,72
3494,2018-07-27,61
3495,2018-07-28,79
3496,2018-07-29,86
3497,2018-07-30,60
3498,2018-07-31,59
3499,2018-08-01,48
3500,2018-08-02,58
3501,2018-08-03,52
3502,2018-08-04,62
3503,2018-08-05,68
3504,2018-08-06,57
3505,2018-08-07,63
3506,2018-08-08,71
3507,2018-08-09,79
3508,2018-08-10,67
3509,2018-08-11,84
3510,2018-08-12,52
3511,2018-08-13,64
3512,2018-08-14,60
3513,2018-08-15,63
3514,2018-08-16,64
3515,2018-08-17,88
3516,2018-08-18,83
3517,2018-08-19,64
3518,2018-08-20,70
3519,2018-08-21,62
3520,2018-08-22,63
3521,2018-08-23,80
3522,2018-08-24,79
3523,2018-08-25,64
3524,2018-08-26,67
3525,2018-08-27,66
3526,2018-08-28,65
3527,2018-08-29,93
3528,2018-08-30,75
3529,2018-08-31,83
3530,2018-09-01,108
3531,2018-09-02,57
3532,2018-09-03,41
3533,2018-09-04,73
3534,2018-09-05,56
3535,2018-09-06,61
3536,2018-09-07,66
3537,2018-09-08,57
3538,2018-09-09,71
3539,2018-09-10,54
3540,2018-09-11,64
3541,2018-09-12,65
3542,2018-09-13,68
3543,2018-09-14,63
3544,2018-09-15,56
3545,2018-09-16,58
3546,2018-09-17,60
3547,2018-09-18,61
3548,2018-09-19,63
3549,2018-09-20,70
3550,2018-09-21,79
3551,2018-09-22,64
3552,2018-09-23,88
3553,2018-09-24,76
3554,2018-09-25,87
3555,2018-09-26,54
3556,2018-09-27,62
3557,2018-09-28,83
3558,2018-09-29,66
3559,2018-09-30,71
3560,2018-10-01,57
3561,2018-10-02,45
3562,2018-10-03,83
3563,2018-10-04,75
3564,2018-10-05,63
3565,2018-10-06,63
3566,2018-10-07,37
3567,2018-10-08,75
3568,2018-10-09,73
3569,2018-10-10,73
3570,2018-10-11,64
3571,2018-10-12,86
3572,2018-10-13,59
3573,2018-10-14,78
3574,2018-10-15,57
3575,2018-10-16,59
3576,2018-10-17,85
3577,2018-10-18,88
3578,2018-10-19,81
3579,2018-10-20,76
3580,2018-10-21,73
3581,2018-10-22,74
3582,2018-10-23,78
3583,2018-10-24,62
3584,2018-10-25,91
3585,2018-10-26,81
3586,2018-10-27,83
3587,2018-10-28,87
3588,2018-10-29,111
3589,2018-10-30,76
3590,2018-10-31,75
3591,2018-11-01,97
3592,2018-11-02,84
3593,2018-11-03,71
3594,2018-11-04,72
3595,2018-11-05,54
3596,2018-11-06,78
3597,2018-11-07,75
3598,2018-11-08,77
3599,2018-11-09,66
3600,2018-11-10,85
3601,2018-11-11,94
3602,2018-11-12,86
3603,2018-11-13,72
3604,2018-11-14,99
3605,2018-11-15,94
3606,2018-11-16,73
3607,2018-11-17,89
3608,2018-11-18,76
3609,2018-11-19,67
3610,2018-11-20,88
3611,2018-11-21,79
3612,2018-11-22,87
3613,2018-11-23,74
3614,2018-11-24,95
3615,2018-11-25,62
3616,2018-11-26,68
3617,2018-11-27,75
3618,2018-11-28,103
3619,2018-11-29,67
3620,2018-11-30,82
3621,2018-12-01,71
3622,2018-12-02,77
3623,2018-12-03,72
3624,2018-12-04,77
3625,2018-12-05,79
3626,2018-12-06,67
3627,2018-12-07,66
3628,2018-12-08,76
3629,2018-12-09,52
3630,2018-12-10,74
3631,2018-12-11,69
3632,2018-12-12,101
3633,2018-12-13,83
3634,2018-12-14,90
3635,2018-12-15,80
3636,2018-12-16,81
3637,2018-12-17,77
3638,2018-12-18,85
3639,2018-12-19,95
3640,2018-12-20,83
3641,2018-12-21,52
3642,2018-12-22,86
3643,2018-12-23,65
3644,2018-12-24,47
3645,2018-12-25,48
3646,2018-12-26,66
3647,2018-12-27,48
3648,2018-12-28,61
3649,2018-12-29,52
3650,2018-12-30,53
3651,2018-12-31,43
3652,2019-01-01,44
3653,2019-01-02,54
3654,2019-01-03,62
3655,2019-01-04,62
3656,2019-01-05,58
3657,2019-01-06,69
3658,2019-01-07,56
3659,2019-01-08,80
3660,2019-01-09,81
3661,2019-01-10,80
3662,2019-01-11,71
3663,2019-01-12,64
3664,2019-01-13,82
3665,2019-01-14,58
3666,2019-01-15,84
3667,2019-01-16,62
3668,2019-01-17,79
3669,2019-01-18,69
3670,2019-01-19,83
3671,2019-01-20,60
3672,2019-01-21,65
3673,2019-01-22,71
3674,2019-01-23,84
3675,2019-01-24,75
3676,2019-01-25,97
3677,2019-01-26,94
3678,2019-01-27,83
3679,2019-01-28,85
3680,2019-01-29,91
3681,2019-01-30,93
3682,2019-01-31,72
3683,2019-02-01,95
3684,2019-02-02,94
3685,2019-02-03,85
3686,2019-02-04,71
3687,2019-02-05,72
3688,2019-02-06,53
3689,2019-02-07,87
3690,2019-02-08,79
3691,2019-02-09,82
3692,2019-02-10,96
3693,2019-02-11,65
3694,2019-02-12,84
3695,2019-02-13,81
3696,2019-02-14,82
3697,2019-02-15,70
3698,2019-02-16,61
3699,2019-02-17,81
3700,2019-02-18,78
3701,2019-02-19,60
3702,2019-02-20,102
3703,2019-02-21,113
3704,2019-02-22,91
3705,2019-02-23,76
3706,2019-02-24,59
3707,2019-02-25,60
3708,2019-02-26,61
3709,2019-02-27,64
3710,2019-02-28,57
3711,2019-03-01,79
3712,2019-03-02,63
3713,2019-03-03,78
3714,2019-03-04,62
3715,2019-03-05,93
3716,2019-03-06,89
3717,2019-03-07,78
3718,2019-03-08,70
3719,2019-03-09,86
3720,2019-03-10,59
3721,2019-03-11,96
3722,2019-03-12,62
3723,2019-03-13,75
3724,2019-03-14,62
3725,2019-03-15,83
3726,2019-03-16,71
3727,2019-03-17,87
3728,2019-03-18,65
3729,2019-03-19,77
3730,2019-03-20,87
3731,2019-03-21,82
3732,2019-03-22,74
3733,2019-03-23,64
3734,2019-03-24,92
3735,2019-03-25,54
3736,2019-03-26,57
3737,2019-03-27,80
3738,2019-03-28,78
3739,2019-03-29,90
3740,2019-03-30,82
3741,2019-03-31,101
3742,2019-04-01,85
3743,2019-04-02,74
3744,2019-04-03,93
3745,2019-04-04,92
3746,2019-04-05,104
3747,2019-04-06,103
3748,2019-04-07,65
3749,2019-04-08,90
3750,2019-04-09,59
3751,2019-04-10,86
3752,2019-04-11,91
3753,2019-04-12,93
3754,2019-04-13,82
3755,2019-04-14,78
3756,2019-04-15,98
3757,2019-04-16,77
3758,2019-04-17,91
3759,2019-04-18,80
3760,2019-04-19,61
3761,2019-04-20,71
3762,2019-04-21,63
3763,2019-04-22,70
3764,2019-04-23,66
3765,2019-04-24,81
3766,2019-04-25,85
3767,2019-04-26,98
3768,2019-04-27,80
3769,2019-04-28,69
3770,2019-04-29,76
3771,2019-04-30,57
3772,2019-05-01,88
3773,2019-05-02,89
3774,2019-05-03,107
3775,2019-05-04,90
3776,2019-05-05,80
3777,2019-05-06,74
3778,2019-05-07,75
3779,2019-05-08,98
3780,2019-05-09,71
3781,2019-05-10,60
3782,2019-05-11,62
3783,2019-05-12,62
3784,2019-05-13,77
3785,2019-05-14,71
3786,2019-05-15,59
3787,2019-05-16,59
3788,2019-05-17,65
3789,2019-05-18,58
3790,2019-05-19,49
3791,2019-05-20,74
3792,2019-05-21,85
3793,2019-05-22,91
3794,2019-05-23,50
3795,2019-05-24,78
3796,2019-05-25,61
3797,2019-05-26,75
3798,2019-05-27,73
3799,2019-05-28,61
3800,2019-05-29,75
3801,2019-05-30,606
3802,2019-05-31,161
3803,2019-06-01,110
3804,2019-06-02,77
3805,2019-06-03,75
3806,2019-06-04,69
3807,2019-06-05,66
3808,2019-06-06,80
3809,2019-06-07,86
3810,2019-06-08,72
3811,2019-06-09,77
3812,2019-06-10,80
3813,2019-06-11,88
3814,2019-06-12,96
3815,2019-06-13,99
3816,2019-06-14,97
3817,2019-06-15,98
3818,2019-06-16,90
3819,2019-06-17,99
3820,2019-06-18,84
3821,2019-06-19,84
3822,2019-06-20,73
3823,2019-06-21,82
3824,2019-06-22,78
3825,2019-06-23,98
3826,2019-06-24,91
3827,2019-06-25,69
3828,2019-06-26,70
3829,2019-06-27,66
3830,2019-06-28,81
3831,2019-06-29,70
3832,2019-06-30,74
3833,2019-07-01,89
3834,2019-07-02,57
3835,2019-07-03,72
3836,2019-07-04,88
3837,2019-07-05,63
3838,2019-07-06,58
3839,2019-07-07,45
3840,2019-07-08,65
3841,2019-07-09,81
3842,2019-07-10,101
3843,2019-07-11,81
3844,2019-07-12,122
3845,2019-07-13,102
3846,2019-07-14,114
3847,2019-07-15,95
3848,2019-07-16,141
3849,2019-07-17,102
3850,2019-07-18,124
3851,2019-07-19,108
3852,2019-07-20,127
3853,2019-07-21,100
3854,2019-07-22,136
3855,2019-07-23,117
3856,2019-07-24,133
3857,2019-07-25,93
3858,2019-07-26,157
3859,2019-07-27,113
3860,2019-07-28,138
3861,2019-07-29,125
3862,2019-07-30,120
3863,2019-07-31,102
3864,2019-08-01,116
3865,2019-08-02,102
3866,2019-08-03,100
3867,2019-08-04,84
3868,2019-08-05,97
3869,2019-08-06,78
3870,2019-08-07,111
3871,2019-08-08,121
3872,2019-08-09,94
3873,2019-08-10,139
3874,2019-08-11,89
3875,2019-08-12,126
3876,2019-08-13,131
3877,2019-08-14,113
3878,2019-08-15,126
3879,2019-08-16,141
3880,2019-08-17,116
3881,2019-08-18,88
3882,2019-08-19,75
3883,2019-08-20,100
3884,2019-08-21,103
3885,2019-08-22,101
3886,2019-08-23,111
3887,2019-08-24,96
3888,2019-08-25,96
3889,2019-08-26,105
3890,2019-08-27,115
3891,2019-08-28,108
3892,2019-08-29,120
3893,2019-08-30,106
3894,2019-08-31,116
3895,2019-09-01,63
3896,2019-09-02,86
3897,2019-09-03,89
3898,2019-09-04,84
3899,2019-09-05,63
3900,2019-09-06,103
3901,2019-09-07,68
3902,2019-09-08,89
3903,2019-09-09,110
3904,2019-09-10,112
3905,2019-09-11,107
3906,2019-09-12,114
3907,2019-09-13,107
3908,2019-09-14,83
3909,2019-09-15,85
3910,2019-09-16,101
3911,2019-09-17,108
3912,2019-09-18,234
3913,2019-09-19,322
3914,2019-09-20,162
3915,2019-09-21,97
3916,2019-09-22,83
3917,2019-09-23,68
3918,2019-09-24,92
3919,2019-09-25,100
3920,2019-09-26,107
3921,2019-09-27,113
3922,2019-09-28,75
3923,2019-09-29,106
3924,2019-09-30,97
3925,2019-10-01,100
3926,2019-10-02,109
3927,2019-10-03,96
3928,2019-10-04,101
3929,2019-10-05,110
3930,2019-10-06,53
3931,2019-10-07,86
3932,2019-10-08,109
3933,2019-10-09,92
3934,2019-10-10,108
3935,2019-10-11,83
3936,2019-10-12,96
3937,2019-10-13,100
3938,2019-10-14,91
3939,2019-10-15,99
3940,2019-10-16,98
3941,2019-10-17,108
3942,2019-10-18,115
3943,2019-10-19,114
3944,2019-10-20,78
3945,2019-10-21,70
3946,2019-10-22,81
3947,2019-10-23,86
3948,2019-10-24,96
3949,2019-10-25,97
3950,2019-10-26,96
3951,2019-10-27,90
3952,2019-10-28,97
3953,2019-10-29,97
3954,2019-10-30,99
3955,2019-10-31,87
3956,2019-11-01,101
3957,2019-11-02,100
3958,2019-11-03,88
3959,2019-11-04,86
3960,2019-11-05,73
3961,2019-11-06,85
3962,2019-11-07,118
3963,2019-11-08,76
3964,2019-11-09,95
3965,2019-11-10,66
3966,2019-11-11,82
3967,2019-11-12,92
3968,2019-11-13,110
3969,2019-11-14,71
3970,2019-11-15,99
3971,2019-11-16,79
3972,2019-11-17,95
3973,2019-11-18,71
3974,2019-11-19,88
3975,2019-11-20,76
3976,2019-11-21,95
3977,2019-11-22,90
3978,2019-11-23,102
3979,2019-11-24,75
3980,2019-11-25,71
3981,2019-11-26,83
3982,2019-11-27,76
3983,2019-11-28,102
3984,2019-11-29,95
3985,2019-11-30,86
3986,2019-12-01,122
3987,2019-12-02,108
3988,2019-12-03,129
3989,2019-12-04,126
3990,2019-12-05,137
3991,2019-12-06,130
3992,2019-12-07,166
3993,2019-12-08,120
3994,2019-12-09,141
3995,2019-12-10,132
3996,2019-12-11,148
3997,2019-12-12,155
3998,2019-12-13,147
3999,2019-12-14,114
4000,2019-12-15,148
4001,2019-12-16,106
4002,2019-12-17,128
4003,2019-12-18,97
4004,2019-12-19,136
4005,2019-12-20,131
4006,2019-12-21,126
4007,2019-12-22,108
4008,2019-12-23,134
4009,2019-12-24,86
4010,2019-12-25,93
4011,2019-12-26,119
4012,2019-12-27,135
4013,2019-12-28,124
4014,2019-12-29,126
4015,2019-12-30,116
4016,2019-12-31,101
4017,2020-01-01,112
4018,2020-01-02,97
4019,2020-01-03,124
4020,2020-01-04,89
4021,2020-01-05,137
4022,2020-01-06,126
4023,2020-01-07,108
4024,2020-01-08,132
4025,2020-01-09,149
4026,2020-01-10,133
4027,2020-01-11,115
4028,2020-01-12,153
4029,2020-01-13,169
4030,2020-01-14,151
4031,2020-01-15,142
4032,2020-01-16,119
4033,2020-01-17,134
4034,2020-01-18,145
4035,2020-01-19,110
4036,2020-01-20,113
4037,2020-01-21,126
4038,2020-01-22,108
4039,2020-01-23,120
4040,2020-01-24,107
4041,2020-01-25,121
4042,2020-01-26,120
4043,2020-01-27,101
4044,2020-01-28,98
4045,2020-01-29,126
4046,2020-01-30,139
4047,2020-01-31,132
4048,2020-02-01,128
4049,2020-02-02,77
4050,2020-02-03,92
4051,2020-02-04,120
4052,2020-02-05,121
4053,2020-02-06,91
4054,2020-02-07,91
4055,2020-02-08,121
4056,2020-02-09,107
4057,2020-02-10,106
4058,2020-02-11,111
4059,2020-02-12,121
4060,2020-02-13,108
4061,2020-02-14,116
4062,2020-02-15,123
4063,2020-02-16,131
4064,2020-02-17,111
4065,2020-02-18,115
4066,2020-02-19,112
4067,2020-02-20,131
4068,2020-02-21,110
4069,2020-02-22,95
4070,2020-02-23,104
4071,2020-02-24,126
4072,2020-02-25,93
4073,2020-02-26,81
4074,2020-02-27,92
4075,2020-02-28,108
4076,2020-02-29,78
4077,2020-03-01,109
4078,2020-03-02,85
4079,2020-03-03,83
4080,2020-03-04,115
4081,2020-03-05,168
4082,2020-03-06,179
4083,2020-03-07,184
4084,2020-03-08,175
4085,2020-03-09,181
4086,2020-03-10,168
4087,2020-03-11,189
4088,2020-03-12,151
4089,2020-03-13,198
4090,2020-03-14,173
4091,2020-03-15,177
4092,2020-03-16,192
4093,2020-03-17,205
4094,2020-03-18,164
4095,2020-03-19,162
4096,2020-03-20,123
4097,2020-03-21,110
4098,2020-03-22,105
4099,2020-03-23,102
4100,2020-03-24,86
4101,2020-03-25,88
4102,2020-03-26,96
4103,2020-03-27,124
4104,2020-03-28,119
4105,2020-03-29,99
4106,2020-03-30,131
4107,2020-03-31,122
4108,2020-04-01,129
4109,2020-04-02,130
4110,2020-04-03,129
4111,2020-04-04,144
4112,2020-04-05,117
4113,2020-04-06,121
4114,2020-04-07,110
4115,2020-04-08,120
4116,2020-04-09,111
4117,2020-04-10,121
4118,2020-04-11,102
4119,2020-04-12,126
4120,2020-04-13,113
4121,2020-04-14,114
4122,2020-04-15,118
4123,2020-04-16,126
4124,2020-04-17,131
4125,2020-04-18,137
4126,2020-04-19,109
4127,2020-04-20,136
4128,2020-04-21,107
4129,2020-04-22,139
4130,2020-04-23,133
4131,2020-04-24,158
4132,2020-04-25,165
4133,2020-04-26,171
4134,2020-04-27,144
4135,2020-04-28,182
4136,2020-04-29,174
4137,2020-04-30,192
4138,2020-05-01,160
4139,2020-05-02,204
4140,2020-05-03,178
4141,2020-05-04,164
4142,2020-05-05,165
4143,2020-05-06,120
4144,2020-05-07,151
4145,2020-05-08,166
4146,2020-05-09,193
4147,2020-05-10,156
4148,2020-05-11,192
4149,2020-05-12,163
4150,2020-05-13,164
4151,2020-05-14,155
4152,2020-05-15,186
4153,2020-05-16,197
4154,2020-05-17,194
4155,2020-05-18,162
4156,2020-05-19,175
4157,2020-05-20,202
4158,2020-05-21,190
4159,2020-05-22,140
4160,2020-05-23,124
4161,2020-05-24,186
4162,2020-05-25,157
4163,2020-05-26,178
4164,2020-05-27,147
4165,2020-05-28,209
4166,2020-05-29,175
4167,2020-05-30,234
4168,2020-05-31,195
4169,2020-06-01,150
4170,2020-06-02,119
4171,2020-06-03,142
4172,2020-06-04,143
4173,2020-06-05,156
4174,2020-06-06,171
4175,2020-06-07,201
4176,2020-06-08,169
4177,2020-06-09,158
4178,2020-06-10,150
4179,2020-06-11,265
4180,2020-06-12,199
4181,2020-06-13,322
4182,2020-06-14,202
4183,2020-06-15,232
4184,2020-06-16,199
4185,2020-06-17,274
4186,2020-06-18,239
4187,2020-06-19,350
4188,2020-06-20,383
4189,2020-06-21,397
4190,2020-06-22,238
4191,2020-06-23,252
4192,2020-06-24,237
4193,2020-06-25,201
4194,2020-06-26,246
4195,2020-06-27,259
4196,2020-06-28,217
4197,2020-06-29,197
4198,2020-06-30,273
4199,2020-07-01,284
4200,2020-07-02,252
4201,2020-07-03,276
4202,2020-07-04,310
4203,2020-07-05,320
4204,2020-07-06,161
4205,2020-07-07,275
4206,2020-07-08,192
4207,2020-07-09,266
4208,2020-07-10,296
4209,2020-07-11,474
4210,2020-07-12,331
4211,2020-07-13,246
4212,2020-07-14,179
4213,2020-07-15,224
4214,2020-07-16,170
4215,2020-07-17,262
4216,2020-07-18,353
4217,2020-07-19,395
4218,2020-07-20,168
4219,2020-07-21,213
4220,2020-07-22,172
4221,2020-07-23,184
4222,2020-07-24,185
4223,2020-07-25,253
4224,2020-07-26,187
4225,2020-07-27,181
4226,2020-07-28,145
4227,2020-07-29,116
4228,2020-07-30,133
4229,2020-07-31,183
4230,2020-08-01,243
4231,2020-08-02,279
4232,2020-08-03,157
4233,2020-08-04,168
4234,2020-08-05,149
4235,2020-08-06,166
4236,2020-08-07,143
4237,2020-08-08,225
4238,2020-08-09,191
4239,2020-08-10,176
4240,2020-08-11,150
4241,2020-08-12,153
4242,2020-08-13,132
4243,2020-08-14,177
4244,2020-08-15,129
4245,2020-08-16,128
4246,2020-08-17,109
4247,2020-08-18,105
4248,2020-08-19,92
4249,2020-08-20,81
4250,2020-08-21,89
4251,2020-08-22,150
4252,2020-08-23,105
4253,2020-08-24,126
4254,2020-08-25,120
4255,2020-08-26,142
4256,2020-08-27,160
4257,2020-08-28,165
4258,2020-08-29,175
4259,2020-08-30,196
4260,2020-08-31,123
4261,2020-09-01,131
4262,2020-09-02,127
4263,2020-09-03,143
4264,2020-09-04,152
4265,2020-09-05,184
4266,2020-09-06,159
4267,2020-09-07,154
4268,2020-09-08,146
4269,2020-09-09,148
4270,2020-09-10,155
4271,2020-09-11,210
4272,2020-09-12,235
4273,2020-09-13,244
4274,2020-09-14,135
4275,2020-09-15,140
4276,2020-09-16,142
4277,2020-09-17,146
4278,2020-09-18,171
4279,2020-09-19,230
4280,2020-09-20,143
4281,2020-09-21,122
4282,2020-09-22,100
4283,2020-09-23,144
4284,2020-09-24,154
4285,2020-09-25,136
4286,2020-09-26,189
4287,2020-09-27,209
4288,2020-09-28,283
4289,2020-09-29,142
4290,2020-09-30,155
4291,2020-10-01,131
4292,2020-10-02,152
4293,2020-10-03,162
4294,2020-10-04,142
4295,2020-10-05,140
4296,2020-10-06,126
4297,2020-10-07,157
4298,2020-10-08,121
4299,2020-10-09,109
4300,2020-10-10,171
4301,2020-10-11,156
4302,2020-10-12,110
4303,2020-10-13,158
4304,2020-10-14,119
4305,2020-10-15,136
4306,2020-10-16,166
4307,2020-10-17,140
4308,2020-10-18,122
4309,2020-10-19,174
4310,2020-10-20,118
4311,2020-10-21,155
4312,2020-10-22,116
4313,2020-10-23,163
4314,2020-10-24,162
4315,2020-10-25,188
4316,2020-10-26,139
4317,2020-10-27,150
4318,2020-10-28,155
4319,2020-10-29,135
4320,2020-10-30,95
4321,2020-10-31,151
4322,2020-11-01,113
4323,2020-11-02,120
4324,2020-11-03,201
4325,2020-11-04,135
4326,2020-11-05,131
4327,2020-11-06,131
4328,2020-11-07,147
4329,2020-11-08,170
4330,2020-11-09,92
4331,2020-11-10,118
4332,2020-11-11,113
4333,2020-11-12,157
4334,2020-11-13,136
4335,2020-11-14,189
4336,2020-11-15,125
4337,2020-11-16,110
4338,2020-11-17,123
4339,2020-11-18,86
4340,2020-11-19,132
4341,2020-11-20,124
4342,2020-11-21,123
4343,2020-11-22,121
4344,2020-11-23,110
4345,2020-11-24,129
4346,2020-11-25,104
4347,2020-11-26,129
4348,2020-11-27,139
4349,2020-11-28,194
4350,2020-11-29,164
4351,2020-11-30,117
4352,2020-12-01,130
4353,2020-12-02,128
4354,2020-12-03,125
4355,2020-12-04,142
4356,2020-12-05,132
4357,2020-12-06,156
4358,2020-12-07,124
4359,2020-12-08,176
4360,2020-12-09,158
4361,2020-12-10,161
4362,2020-12-11,194
4363,2020-12-12,266
4364,2020-12-13,164
4365,2020-12-14,139
4366,2020-12-15,117
4367,2020-12-16,153
4368,2020-12-17,140
4369,2020-12-18,177
4370,2020-12-19,180
4371,2020-12-20,142
4372,2020-12-21,158
4373,2020-12-22,131
4374,2020-12-23,181
4375,2020-12-24,111
4376,2020-12-25,92
4377,2020-12-26,154
4378,2020-12-27,126
4379,2020-12-28,126
4380,2020-12-29,114
4381,2020-12-30,164
4382,2020-12-31,96
4383,2021-01-01,114
4384,2021-01-02,93
4385,2021-01-03,140
4386,2021-01-04,119
4387,2021-01-05,137
4388,2021-01-06,137
4389,2021-01-07,170
4390,2021-01-08,163
4391,2021-01-09,182
4392,2021-01-10,172
4393,2021-01-11,157
4394,2021-01-12,140
4395,2021-01-13,133
4396,2021-01-14,151
4397,2021-01-15,189
4398,2021-01-16,201
4399,2021-01-17,177
4400,2021-01-18,105
4401,2021-01-19,99
4402,2021-01-20,115
4403,2021-01-21,162
4404,2021-01-22,151
4405,2021-01-23,181
4406,2021-01-24,152
4407,2021-01-25,146
4408,2021-01-26,139
4409,2021-01-27,137
4410,2021-01-28,119
4411,2021-01-29,171
4412,2021-01-30,160
4413,2021-01-31,190
4414,2021-02-01,157
4415,2021-02-02,115
4416,2021-02-03,140
4417,2021-02-04,159
4418,2021-02-05,156
4419,2021-02-06,236
4420,2021-02-07,143
4421,2021-02-08,133
4422,2021-02-09,144
4423,2021-02-10,164
4424,2021-02-11,164
4425,2021-02-12,195
4426,2021-02-13,179
4427,2021-02-14,178
4428,2021-02-15,187
4429,2021-02-16,201
4430,2021-02-17,183
4431,2021-02-18,188
4432,2021-02-19,204
4433,2021-02-20,175
4434,2021-02-21,168
4435,2021-02-22,131
4436,2021-02-23,163
4437,2021-02-24,124
4438,2021-02-25,140
4439,2021-02-26,197
4440,2021-02-27,198
4441,2021-02-28,177
4442,2021-03-01,181
4443,2021-03-02,200
4444,2021-03-03,207
4445,2021-03-04,257
4446,2021-03-05,242
4447,2021-03-06,273
4448,2021-03-07,210
4449,2021-03-08,179
4450,2021-03-09,166
4451,2021-03-10,189
4452,2021-03-11,177
4453,2021-03-12,226
4454,2021-03-13,337
4455,2021-03-14,334
4456,2021-03-15,215
4457,2021-03-16,299
4458,2021-03-17,243
4459,2021-03-18,290
4460,2021-03-19,265
4461,2021-03-20,421
4462,2021-03-21,350
4463,2021-03-22,231
4464,2021-03-23,199
4465,2021-03-24,201
4466,2021-03-25,239
4467,2021-03-26,251
4468,2021-03-27,269
4469,2021-03-28,298
4470,2021-03-29,174
4471,2021-03-30,170
4472,2021-03-31,170
4473,2021-04-01,195
4474,2021-04-02,169
4475,2021-04-03,190
4476,2021-04-04,159
4477,2021-04-05,139
4478,2021-04-06,178
4479,2021-04-07,162
4480,2021-04-08,168
4481,2021-04-09,205
4482,2021-04-10,236
4483,2021-04-11,260
4484,2021-04-12,168
4485,2021-04-13,144
4486,2021-04-14,166
4487,2021-04-15,136
4488,2021-04-16,186
4489,2021-04-17,182
4490,2021-04-18,186
4491,2021-04-19,141
4492,2021-04-20,165
4493,2021-04-21,122
4494,2021-04-22,155
4495,2021-04-23,163
4496,2021-04-24,200
4497,2021-04-25,177
4498,2021-04-26,130
4499,2021-04-27,130
4500,2021-04-28,129
4501,2021-04-29,141
4502,2021-04-30,168
4503,2021-05-01,195
4504,2021-05-02,185
4505,2021-05-03,145
4506,2021-05-04,161
4507,2021-05-05,155
4508,2021-05-06,142
4509,2021-05-07,159
4510,2021-05-08,156
4511,2021-05-09,117
4512,2021-05-10,118
4513,2021-05-11,139
4514,2021-05-12,97
4515,2021-05-13,115
4516,2021-05-14,175
4517,2021-05-15,196
4518,2021-05-16,179
4519,2021-05-17,148
4520,2021-05-18,121
4521,2021-05-19,188
4522,2021-05-20,157
4523,2021-05-21,220
4524,2021-05-22,277
4525,2021-05-23,175
4526,2021-05-24,136
4527,2021-05-25,160
4528,2021-05-26,165
4529,2021-05-27,174
4530,2021-05-28,200
4531,2021-05-29,272
4532,2021-05-30,164
4533,2021-05-31,157
4534,2021-06-01,160
4535,2021-06-02,211
4536,2021-06-03,207
4537,2021-06-04,185
4538,2021-06-05,238
4539,2021-06-06,169
4540,2021-06-07,114
4541,2021-06-08,107
4542,2021-06-09,138
4543,2021-06-10,146
4544,2021-06-11,151
4545,2021-06-12,207
4546,2021-06-13,176
4547,2021-06-14,132
4548,2021-06-15,131
4549,2021-06-16,132
4550,2021-06-17,146
4551,2021-06-18,130
4552,2021-06-19,118
4553,2021-06-20,119
4554,2021-06-21,97
4555,2021-06-22,129
4556,2021-06-23,120
4557,2021-06-24,116
4558,2021-06-25,154
4559,2021-06-26,203
4560,2021-06-27,154
4561,2021-06-28,79
4562,2021-06-29,91
4563,2021-06-30,103
4564,2021-07-01,137
4565,2021-07-02,138
4566,2021-07-03,169
4567,2021-07-04,143
4568,2021-07-05,106
4569,2021-07-06,106
4570,2021-07-07,140
4571,2021-07-08,124
4572,2021-07-09,147
4573,2021-07-10,152
4574,2021-07-11,139
4575,2021-07-12,151
4576,2021-07-13,129
4577,2021-07-14,132
4578,2021-07-15,145
4579,2021-07-16,115
4580,2021-07-17,216
4581,2021-07-18,141
4582,2021-07-19,117
4583,2021-07-20,136
4584,2021-07-21,142
4585,2021-07-22,137
4586,2021-07-23,147
4587,2021-07-24,188
4588,2021-07-25,164
4589,2021-07-26,118
4590,2021-07-27,140
4591,2021-07-28,132
4592,2021-07-29,144
4593,2021-07-30,141
4594,2021-07-31,155
4595,2021-08-01,138
4596,2021-08-02,135
4597,2021-08-03,150
4598,2021-08-04,151
4599,2021-08-05,147
4600,2021-08-06,151
4601,2021-08-07,150
4602,2021-08-08,128
4603,2021-08-09,169
4604,2021-08-10,202
4605,2021-08-11,196
4606,2021-08-12,140
4607,2021-08-13,93
4608,2021-08-14,204
4609,2021-08-15,206
4610,2021-08-16,167
4611,2021-08-17,200
4612,2021-08-18,229
4613,2021-08-19,219
4614,2021-08-20,216
4615,2021-08-21,219
4616,2021-08-22,179
4617,2021-08-23,170
4618,2021-08-24,212
4619,2021-08-25,234
4620,2021-08-26,173
4621,2021-08-27,189
4622,2021-08-28,197
4623,2021-08-29,189
4624,2021-08-30,153
4625,2021-08-31,202
4626,2021-09-01,165
4627,2021-09-02,201
4628,2021-09-03,173
4629,2021-09-04,191
4630,2021-09-05,188
4631,2021-09-06,157
4632,2021-09-07,153
4633,2021-09-08,168
4634,2021-09-09,177
4635,2021-09-10,177
4636,2021-09-11,197
4637,2021-09-12,179
4638,2021-09-13,167
4639,2021-09-14,152
4640,2021-09-15,130
4641,2021-09-16,143
4642,2021-09-17,145
4643,2021-09-18,185
4644,2021-09-19,156
4645,2021-09-20,156
4646,2021-09-21,167
4647,2021-09-22,160
4648,2021-09-23,157
4649,2021-09-24,172
4650,2021-09-25,223
4651,2021-09-26,148
4652,2021-09-27,156
4653,2021-09-28,158
4654,2021-09-29,166
4655,2021-09-30,170
4656,2021-10-01,134
4657,2021-10-02,176
4658,2021-10-03,97
4659,2021-10-04,123
4660,2021-10-05,146
4661,2021-10-06,168
4662,2021-10-07,148
4663,2021-10-08,170
4664,2021-10-09,123
4665,2021-10-10,132
4666,2021-10-11,108
4667,2021-10-12,154
4668,2021-10-13,153
4669,2021-10-14,152
4670,2021-10-15,101
4671,2021-10-16,116
4672,2021-10-17,109
4673,2021-10-18,123
4674,2021-10-19,132
4675,2021-10-20,169
4676,2021-10-21,170
4677,2021-10-22,170
4678,2021-10-23,140
4679,2021-10-24,161
4680,2021-10-25,150
4681,2021-10-26,147
4682,2021-10-27,144
4683,2021-10-28,132
4684,2021-10-29,153
4685,2021-10-30,152
4686,2021-10-31,98
4687,2021-11-01,102
4688,2021-11-02,137
4689,2021-11-03,129
4690,2021-11-04,142
4691,2021-11-05,161
4692,2021-11-06,138
4693,2021-11-07,121
4694,2021-11-08,130
4695,2021-11-09,151
4696,2021-11-10,122
4697,2021-11-11,112
4698,2021-11-12,137
4699,2021-11-13,130
4700,2021-11-14,119
4701,2021-11-15,103
4702,2021-11-16,111
4703,2021-11-17,127
4704,2021-11-18,118
4705,2021-11-19,144
4706,2021-11-20,158
4707,2021-11-21,130
4708,2021-11-22,105
4709,2021-11-23,139
4710,2021-11-24,127
4711,2021-11-25,164
4712,2021-11-26,160
4713,2021-11-27,156
4714,2021-11-28,151
4715,2021-11-29,144
4716,2021-11-30,143
4717,2021-12-01,143
4718,2021-12-02,129
4719,2021-12-03,170
4720,2021-12-04,148
4721,2021-12-05,123
4722,2021-12-06,107
4723,2021-12-07,145
4724,2021-12-08,138
4725,2021-12-09,152
4726,2021-12-10,170
4727,2021-12-11,168
4728,2021-12-12,127
4729,2021-12-13,158
4730,2021-12-14,139
4731,2021-12-15,152
4732,2021-12-16,145
4733,2021-12-17,156
4734,2021-12-18,166
4735,2021-12-19,135
4736,2021-12-20,145
4737,2021-12-21,138
4738,2021-12-22,149
4739,2021-12-23,160
4740,2021-12-24,91
4741,2021-12-25,101
4742,2021-12-26,87
4743,2021-12-27,100
4744,2021-12-28,105
4745,2021-12-29,113
4746,2021-12-30,78
4747,2021-12-31,69
4748,2022-01-01,85
4749,2022-01-02,90
4750,2022-01-03,122
4751,2022-01-04,141
4752,2022-01-05,142
4753,2022-01-06,128
4754,2022-01-07,161
4755,2022-01-08,120
4756,2022-01-09,140
4757,2022-01-10,146
4758,2022-01-11,125
4759,2022-01-12,164
4760,2022-01-13,168
4761,2022-01-14,149
4762,2022-01-15,146
4763,2022-01-16,117
4764,2022-01-17,149
4765,2022-01-18,145
4766,2022-01-19,137
4767,2022-01-20,160
4768,2022-01-21,148
4769,2022-01-22,129
4770,2022-01-23,126
4771,2022-01-24,115
4772,2022-01-25,133
4773,2022-01-26,138
4774,2022-01-27,135
4775,2022-01-28,101
4776,2022-01-29,90
4777,2022-01-30,135
4778,2022-01-31,149
4779,2022-02-01,144
4780,2022-02-02,142
4781,2022-02-03,143
4782,2022-02-04,150
4783,2022-02-05,174
4784,2022-02-06,160
4785,2022-02-07,148
4786,2022-02-08,156
4787,2022-02-09,157
4788,2022-02-10,151
4789,2022-02-11,151
4790,2022-02-12,171
4791,2022-02-13,128
4792,2022-02-14,146
4793,2022-02-15,159
4794,2022-02-16,151
4795,2022-02-17,183
4796,2022-02-18,143
4797,2022-02-19,166
4798,2022-02-20,135
4799,2022-02-21,150
4800,2022-02-22,173
4801,2022-02-23,150
4802,2022-02-24,166
4803,2022-02-25,143
4804,2022-02-26,142
4805,2022-02-27,143
4806,2022-02-28,131
